{"stats":{"minecraft:killed_by":{"graveyard:skeleton_creeper":1,"minecraft:husk":1},"minecraft:picked_up":{"minecraft:wheat":69,"minecraft:acacia_pressure_plate":5,"minecraft:wither_rose":1,"minecraft:enchanted_book":2,"minecraft:brewing_stand":1,"minecraft:string":6,"minecraft:deepslate_tiles":1,"minecraft:gold_nugget":14,"minecraft:cobbled_deepslate":65,"minecraft:melon_slice":63,"minecraft:iron_boots":1,"minecraft:furnace":3,"iceandfire:pixie_dust":1,"minecraft:stick":3,"minecraft:acacia_fence":9,"minecraft:composter":4,"minecraft:polished_deepslate_stairs":1,"iceandfire:pixie_house_mushroom_brown":1,"minecraft:torch":41,"minecraft:acacia_log":41,"graveyard:dark_iron_trapdoor":1,"minecraft:cauldron":2,"minecraft:orange_bed":15,"minecraft:stone_sword":1,"minecraft:rotten_flesh":10,"minecraft:tropical_fish":1,"minecraft:cobblestone":67,"minecraft:magma_block":1,"minecraft:leather_chestplate":1,"minecraft:cooked_beef":4,"minecraft:iron_door":3,"minecraft:jungle_log":13,"minecraft:andesite":3,"minecraft:jungle_wood":19,"minecraft:flint":6,"minecraft:tuff":11,"minecraft:acacia_boat":1,"minecraft:dirt":237,"minecraft:bone":11,"minecraft:acacia_planks":292,"minecraft:wheat_seeds":34,"minecraft:deepslate_brick_slab":2,"minecraft:bell":3,"minecraft:grindstone":1,"minecraft:fletching_table":3,"minecraft:bamboo":21,"iceandfire:dragon_skull_fire":1,"minecraft:jungle_planks":24,"minecraft:ink_sac":2,"minecraft:acacia_stairs":136,"minecraft:red_terracotta":9,"minecraft:bread":57,"minecraft:oak_sapling":2,"iceandfire:raw_silver":3,"iceandfire:dragon_skull_lightning":3,"minecraft:crafting_table":14,"minecraft:cocoa_beans":8,"minecraft:bee_nest":1,"minecraft:ladder":17,"minecraft:clay_ball":4,"graveyard:dark_iron_ingot":2,"minecraft:wooden_pickaxe":1,"friendsandfoes:totem_of_illusion":2,"minecraft:acacia_button":1,"minecraft:red_bed":1,"minecraft:acacia_door":6,"minecraft:iron_axe":1,"minecraft:iron_shovel":1,"graveyard:corruption":7,"minecraft:cartography_table":1,"sawmill:sawmill":1,"minecraft:jungle_sapling":2,"minecraft:poppy":7,"minecraft:lectern":2,"minecraft:sugar_cane":23,"minecraft:dark_oak_sapling":3,"minecraft:raw_iron":4,"iceandfire:dragonbone":78,"graveyard:acolyte_spawn_egg":1,"minecraft:carrot":2,"minecraft:dark_oak_planks":1,"minecraft:arrow":2,"minecraft:beetroot_seeds":2,"minecraft:yellow_terracotta":129,"minecraft:glow_berries":40,"minecraft:white_wool":4,"minecraft:jungle_boat":7,"minecraft:basalt":2,"minecraft:leather":2,"minecraft:acacia_wood":105,"graveyard:spruce_coffin":1,"iceandfire:pixie_house_mushroom_red":1,"minecraft:acacia_trapdoor":3,"minecraft:spore_blossom":1,"minecraft:iron_ingot":30,"minecraft:stone_pickaxe":2,"minecraft:cobweb":25,"friendsandfoes:acacia_beehive":2,"minecraft:acacia_sapling":1,"minecraft:gravel":46,"minecraft:white_bed":3,"minecraft:spider_eye":1,"minecraft:coal_ore":1,"minecraft:stone_axe":1,"minecraft:acacia_slab":26,"minecraft:melon_seeds":2,"minecraft:coal":8,"minecraft:ender_pearl":3},"minecraft:broken":{"minecraft:iron_shovel":2,"minecraft:iron_axe":5,"minecraft:iron_pickaxe":2},"minecraft:crafted":{"minecraft:iron_boots":1,"minecraft:chest":2,"minecraft:iron_door":3,"minecraft:emerald":2,"minecraft:crafting_table":3,"minecraft:acacia_slab":96,"minecraft:wooden_pickaxe":1,"minecraft:fletching_table":1,"minecraft:acacia_button":1,"minecraft:shield":1,"minecraft:stick":240,"minecraft:iron_pickaxe":2,"minecraft:iron_ingot":15,"minecraft:stone_sword":1,"minecraft:gold_ingot":14,"minecraft:coal":63,"minecraft:furnace":1,"minecraft:iron_axe":6,"minecraft:ladder":60,"minecraft:stone_pickaxe":1,"minecraft:coal_block":4,"minecraft:acacia_trapdoor":48,"minecraft:bucket":1,"minecraft:stone_axe":1,"minecraft:acacia_boat":1,"minecraft:air":0,"minecraft:jungle_planks":96,"minecraft:iron_shovel":2,"minecraft:acacia_planks":577,"minecraft:torch":60},"minecraft:custom":{"lootr:looted_stat":14,"minecraft:interact_with_crafting_table":42,"minecraft:open_barrel":2,"minecraft:bell_ring":45,"minecraft:leave_game":2,"minecraft:time_since_death":256207,"minecraft:sprint_one_cm":526360,"minecraft:damage_blocked_by_shield":928,"minecraft:drop":132,"minecraft:talked_to_villager":16,"minecraft:play_time":281809,"minecraft:deaths":2,"minecraft:jump":4673,"minecraft:interact_with_brewingstand":1,"minecraft:walk_on_water_one_cm":45455,"minecraft:interact_with_furnace":2,"minecraft:traded_with_villager":2,"minecraft:interact_with_cartography_table":1,"minecraft:interact_with_loom":1,"minecraft:sleep_in_bed":9,"minecraft:damage_dealt":18593,"minecraft:player_kills":1,"minecraft:crouch_one_cm":45933,"minecraft:mob_kills":59,"minecraft:damage_dealt_resisted":663,"minecraft:climb_one_cm":25217,"minecraft:walk_one_cm":762436,"minecraft:sneak_time":11416,"minecraft:walk_under_water_one_cm":27430,"minecraft:boat_one_cm":119284,"minecraft:interact_with_lectern":3,"minecraft:total_world_time":281809,"minecraft:interact_with_stonecutter":1,"minecraft:time_since_rest":6555,"minecraft:damage_taken":3538,"minecraft:damage_absorbed":40,"minecraft:trigger_trapped_chest":4,"minecraft:swim_one_cm":36523,"minecraft:fly_one_cm":824452,"minecraft:open_chest":46,"minecraft:fall_one_cm":119612},"minecraft:used":{"minecraft:iron_shovel":522,"minecraft:ladder":68,"minecraft:shield":24,"minecraft:chest":2,"iceandfire:pixie_house_mushroom_brown":1,"minecraft:iron_sword":265,"minecraft:bell":3,"minecraft:rotten_flesh":12,"minecraft:iron_chestplate":1,"minecraft:jungle_planks":47,"minecraft:acacia_button":1,"minecraft:lava_bucket":27,"minecraft:furnace":3,"minecraft:acacia_fence":3,"minecraft:acacia_trapdoor":49,"minecraft:stone_pickaxe":40,"minecraft:wooden_pickaxe":6,"minecraft:jungle_boat":6,"minecraft:golden_apple":2,"minecraft:glow_berries":28,"minecraft:yellow_terracotta":108,"minecraft:acacia_door":4,"minecraft:melon_slice":36,"minecraft:bread":42,"graveyard:acolyte_spawn_egg":1,"minecraft:iron_door":1,"minecraft:gravel":40,"iceandfire:pixie_house_mushroom_red":1,"minecraft:cobweb":1,"minecraft:stone_sword":24,"minecraft:orange_bed":15,"minecraft:torch":87,"minecraft:dirt":200,"iceandfire:pixie_dust":1,"iceandfire:copper_sword":47,"minecraft:iron_axe":1317,"minecraft:acacia_slab":121,"minecraft:iron_boots":1,"minecraft:acacia_wood":1,"minecraft:cobbled_deepslate":64,"minecraft:cooked_beef":4,"minecraft:acacia_planks":488,"minecraft:acacia_boat":2,"minecraft:water_bucket":90,"minecraft:iron_ore":2,"minecraft:fletching_table":3,"minecraft:jungle_wood":1,"minecraft:crafting_table":14,"minecraft:red_bed":1,"minecraft:white_bed":3,"minecraft:acacia_stairs":13,"minecraft:iron_pickaxe":732,"minecraft:stone_axe":103,"minecraft:cobblestone":29,"minecraft:acacia_pressure_plate":1,"minecraft:bucket":119,"minecraft:wither_rose":1},"minecraft:dropped":{"iceandfire:raw_silver":3,"minecraft:ender_pearl":2,"minecraft:dark_oak_sapling":6,"minecraft:glow_berries":12,"minecraft:jungle_planks":41,"friendsandfoes:totem_of_illusion":1,"minecraft:dirt":36,"minecraft:jungle_sapling":1,"minecraft:gold_nugget":18,"minecraft:acacia_door":1,"minecraft:bone":9,"graveyard:dark_iron_trapdoor":1,"minecraft:stone_axe":1,"minecraft:iron_nugget":5,"minecraft:cobbled_deepslate":1,"minecraft:wheat":5,"graveyard:dark_iron_ingot":2,"minecraft:rotten_flesh":3,"minecraft:acacia_stairs":1,"minecraft:poppy":3,"minecraft:deepslate_tiles":1,"minecraft:coal_ore":1,"minecraft:beetroot_seeds":1,"minecraft:melon_seeds":2,"minecraft:acacia_slab":1,"minecraft:acacia_sapling":1,"minecraft:iron_ore":21,"minecraft:basalt":2,"minecraft:acacia_fence":3,"minecraft:acacia_pressure_plate":3,"minecraft:enchanted_book":1,"minecraft:bread":196,"minecraft:wheat_seeds":10,"minecraft:diamond_leggings":1,"minecraft:yellow_terracotta":21,"minecraft:cobblestone":21,"minecraft:jungle_wood":1,"minecraft:tropical_fish":1,"minecraft:coal":10,"minecraft:lava_bucket":1,"minecraft:cobweb":64,"minecraft:melon_slice":5,"minecraft:iron_door":2,"minecraft:iron_leggings":1,"minecraft:iron_axe":1,"minecraft:iron_shovel":3,"minecraft:acacia_planks":7,"iceandfire:dragonbone":15,"minecraft:tuff":11,"minecraft:raw_iron":4,"minecraft:clay_ball":4,"minecraft:iron_boots":1,"minecraft:flint_and_steel":1,"graveyard:spruce_coffin":1,"minecraft:iron_chestplate":1,"minecraft:oak_sapling":2,"minecraft:stone_pickaxe":2,"minecraft:wooden_pickaxe":1,"iceandfire:dragon_skull_lightning":1},"minecraft:killed":{"minecraft:spider":2,"graveyard:wraith":3,"creeperoverhaul:bamboo_creeper":1,"minecraft:skeleton":5,"friendsandfoes:glare":1,"graveyard:acolyte":6,"minecraft:iron_golem":9,"minecraft:zombie":10,"graveyard:corrupted_pillager":2,"minecraft:cow":1,"graveyard:corrupted_vindicator":1,"minecraft:drowned":2,"minecraft:husk":1,"iceandfire:ghost":4,"creeperoverhaul:savannah_creeper":1,"minecraft:player":1,"minecraft:enderman":3},"minecraft:mined":{"minecraft:dark_oak_planks":1,"minecraft:jungle_leaves":4,"minecraft:brewing_stand":1,"minecraft:cave_vines_plant":16,"minecraft:acacia_log":43,"minecraft:grass_block":57,"minecraft:jungle_log":10,"minecraft:composter":2,"minecraft:acacia_pressure_plate":1,"minecraft:magma_block":1,"minecraft:iron_ore":2,"minecraft:fletching_table":3,"minecraft:cave_vines":26,"minecraft:water_cauldron":2,"minecraft:dirt_path":154,"minecraft:tripwire":2,"minecraft:orange_bed":15,"minecraft:red_bed":1,"minecraft:polished_deepslate_stairs":1,"graveyard:spruce_coffin":1,"minecraft:clay":4,"minecraft:melon":11,"minecraft:cobblestone":18,"minecraft:grindstone":1,"minecraft:sugar_cane":14,"minecraft:iron_door":1,"minecraft:wall_torch":28,"minecraft:jungle_wood":12,"minecraft:wheat":2,"minecraft:wither_rose":1,"minecraft:grass":91,"minecraft:cracked_deepslate_tiles":3,"minecraft:acacia_fence":2,"minecraft:dirt":38,"minecraft:oak_leaves":4,"minecraft:deepslate":77,"minecraft:yellow_terracotta":129,"minecraft:deepslate_tiles":1,"iceandfire:silver_ore":3,"minecraft:ladder":14,"sawmill:sawmill":1,"minecraft:jungle_planks":2,"minecraft:acacia_slab":17,"minecraft:moss_block":1,"minecraft:spore_blossom":1,"minecraft:deepslate_brick_slab":2,"minecraft:furnace":1,"minecraft:acacia_trapdoor":3,"minecraft:acacia_wood":107,"minecraft:acacia_stairs":135,"minecraft:bell":3,"minecraft:vine":3,"minecraft:bamboo":3,"minecraft:stone":81,"minecraft:acacia_leaves":6,"minecraft:glass_pane":8,"minecraft:basalt":1,"minecraft:dandelion":1,"minecraft:crafting_table":11,"iceandfire:pixie_house_mushroom_brown":1,"minecraft:tall_grass":3,"friendsandfoes:acacia_beehive":2,"minecraft:diorite":17,"minecraft:red_terracotta":9,"iceandfire:pixie_house_mushroom_red":1,"minecraft:bee_nest":1,"diagonalfences:minecraft/acacia_fence":4,"minecraft:coal_ore":1,"minecraft:acacia_door":5,"minecraft:gravel":39,"minecraft:dripstone_block":1,"minecraft:cobweb":1,"minecraft:acacia_planks":292,"minecraft:fern":3}},"DataVersion":3465}