{"stats":{"minecraft:killed_by":{"graveyard:skeleton_creeper":1,"minecraft:husk":1},"minecraft:picked_up":{"minecraft:wheat":74,"minecraft:smithing_table":4,"minecraft:acacia_pressure_plate":5,"minecraft:wither_rose":1,"minecraft:enchanted_book":2,"minecraft:brewing_stand":3,"minecraft:string":6,"minecraft:deepslate_tiles":1,"minecraft:gold_nugget":14,"minecraft:cobbled_deepslate":65,"comforts:sleeping_bag_white":4,"minecraft:melon_slice":63,"minecraft:iron_boots":1,"minecraft:furnace":5,"iceandfire:pixie_dust":1,"minecraft:stick":5,"minecraft:acacia_fence":9,"minecraft:composter":7,"minecraft:polished_deepslate_stairs":1,"minecraft:torch":42,"iceandfire:pixie_house_mushroom_brown":2,"minecraft:acacia_log":130,"graveyard:dark_iron_trapdoor":1,"minecraft:cauldron":2,"minecraft:orange_bed":27,"minecraft:stone_sword":1,"minecraft:rotten_flesh":10,"minecraft:tropical_fish":1,"minecraft:cobblestone":70,"minecraft:magma_block":1,"minecraft:leather_chestplate":1,"minecraft:cooked_beef":4,"minecraft:iron_door":3,"minecraft:andesite":3,"minecraft:jungle_log":13,"minecraft:jungle_wood":19,"minecraft:flint":8,"minecraft:tuff":11,"minecraft:acacia_boat":1,"minecraft:dirt":267,"minecraft:bone":11,"minecraft:acacia_planks":414,"minecraft:wheat_seeds":50,"minecraft:deepslate_brick_slab":2,"minecraft:bell":3,"minecraft:grindstone":2,"minecraft:fletching_table":6,"minecraft:bamboo":21,"iceandfire:dragon_skull_fire":3,"minecraft:jungle_planks":24,"minecraft:ink_sac":2,"minecraft:acacia_stairs":154,"minecraft:red_terracotta":24,"minecraft:bread":57,"minecraft:oak_sapling":3,"iceandfire:raw_silver":3,"iceandfire:dragon_skull_lightning":3,"minecraft:cocoa_beans":8,"minecraft:crafting_table":17,"minecraft:bee_nest":1,"minecraft:ladder":29,"minecraft:clay_ball":4,"graveyard:dark_iron_ingot":2,"friendsandfoes:totem_of_illusion":2,"minecraft:wooden_pickaxe":1,"minecraft:acacia_button":1,"minecraft:red_bed":2,"minecraft:acacia_door":6,"minecraft:iron_axe":1,"minecraft:iron_shovel":1,"graveyard:corruption":7,"minecraft:cartography_table":1,"sawmill:sawmill":1,"minecraft:jungle_sapling":2,"minecraft:poppy":11,"minecraft:lectern":7,"minecraft:sugar_cane":23,"minecraft:dark_oak_sapling":3,"minecraft:raw_iron":4,"iceandfire:dragonbone":93,"graveyard:acolyte_spawn_egg":1,"minecraft:carrot":2,"minecraft:dark_oak_planks":1,"minecraft:arrow":2,"minecraft:beetroot_seeds":2,"minecraft:yellow_terracotta":196,"minecraft:glow_berries":40,"minecraft:white_wool":4,"minecraft:jungle_boat":7,"minecraft:basalt":2,"minecraft:leather":2,"minecraft:acacia_wood":118,"graveyard:spruce_coffin":1,"minecraft:oak_log":11,"iceandfire:pixie_house_mushroom_red":2,"minecraft:apple":1,"minecraft:acacia_trapdoor":13,"minecraft:cobweb":25,"minecraft:spore_blossom":1,"minecraft:iron_ingot":37,"minecraft:stone_pickaxe":2,"minecraft:cooked_chicken":1,"friendsandfoes:acacia_beehive":2,"minecraft:acacia_sapling":1,"minecraft:gravel":55,"minecraft:blast_furnace":2,"minecraft:white_bed":5,"minecraft:spider_eye":1,"minecraft:coal_ore":1,"minecraft:stone_axe":1,"minecraft:acacia_slab":43,"minecraft:melon_seeds":5,"minecraft:coal":38,"minecraft:ender_pearl":3},"minecraft:broken":{"minecraft:iron_shovel":2,"minecraft:iron_axe":7,"minecraft:iron_pickaxe":2},"minecraft:crafted":{"minecraft:oak_planks":24,"minecraft:smooth_stone":3,"minecraft:stone":3,"minecraft:heavy_weighted_pressure_plate":1,"minecraft:iron_boots":2,"minecraft:chest":2,"minecraft:iron_door":3,"minecraft:emerald":20,"minecraft:crafting_table":4,"minecraft:acacia_slab":150,"minecraft:wooden_pickaxe":1,"minecraft:smithing_table":1,"minecraft:fletching_table":3,"minecraft:acacia_button":1,"minecraft:shield":1,"minecraft:stick":816,"minecraft:iron_pickaxe":2,"minecraft:iron_ingot":51,"minecraft:iron_block":13,"minecraft:stone_sword":1,"minecraft:gold_ingot":14,"minecraft:composter":2,"minecraft:coal":63,"comforts:sleeping_bag_white":1,"minecraft:furnace":1,"minecraft:blast_furnace":1,"minecraft:iron_axe":8,"minecraft:ladder":60,"minecraft:stone_pickaxe":1,"minecraft:coal_block":4,"minecraft:acacia_trapdoor":60,"minecraft:bucket":2,"minecraft:stone_axe":1,"minecraft:bread":21,"minecraft:acacia_boat":1,"minecraft:air":0,"minecraft:jungle_planks":96,"minecraft:golden_apple":1,"minecraft:acacia_sign":6,"minecraft:iron_shovel":3,"minecraft:acacia_planks":973,"minecraft:torch":60},"minecraft:custom":{"lootr:looted_stat":14,"minecraft:interact_with_crafting_table":83,"minecraft:open_barrel":2,"minecraft:bell_ring":47,"minecraft:leave_game":3,"minecraft:time_since_death":352146,"minecraft:sprint_one_cm":654643,"minecraft:damage_blocked_by_shield":928,"minecraft:drop":190,"minecraft:talked_to_villager":39,"minecraft:play_time":377748,"minecraft:deaths":2,"minecraft:jump":5817,"minecraft:interact_with_brewingstand":1,"minecraft:walk_on_water_one_cm":85746,"minecraft:interact_with_furnace":14,"minecraft:traded_with_villager":21,"minecraft:interact_with_cartography_table":1,"minecraft:interact_with_loom":1,"minecraft:sleep_in_bed":12,"minecraft:damage_dealt":21677,"minecraft:player_kills":1,"minecraft:crouch_one_cm":47768,"minecraft:mob_kills":62,"minecraft:damage_dealt_resisted":663,"minecraft:climb_one_cm":32285,"minecraft:walk_one_cm":1047585,"minecraft:sneak_time":12209,"minecraft:walk_under_water_one_cm":30048,"minecraft:boat_one_cm":119284,"minecraft:interact_with_lectern":3,"minecraft:total_world_time":377748,"minecraft:interact_with_stonecutter":1,"minecraft:time_since_rest":37675,"minecraft:damage_taken":4230,"minecraft:damage_absorbed":40,"minecraft:trigger_trapped_chest":4,"minecraft:swim_one_cm":36523,"minecraft:fly_one_cm":1044568,"minecraft:open_chest":88,"minecraft:fall_one_cm":140848},"minecraft:used":{"minecraft:iron_shovel":544,"minecraft:ladder":81,"minecraft:chest":2,"minecraft:shield":24,"iceandfire:pixie_house_mushroom_brown":2,"minecraft:iron_sword":265,"minecraft:bell":3,"minecraft:rotten_flesh":12,"minecraft:iron_chestplate":1,"minecraft:jungle_planks":47,"minecraft:acacia_button":1,"minecraft:lava_bucket":28,"friendsandfoes:totem_of_illusion":1,"minecraft:furnace":4,"minecraft:acacia_fence":3,"minecraft:acacia_trapdoor":72,"minecraft:stone_pickaxe":40,"minecraft:wooden_pickaxe":6,"minecraft:composter":5,"minecraft:jungle_boat":6,"minecraft:golden_apple":2,"minecraft:glow_berries":28,"minecraft:yellow_terracotta":172,"minecraft:blast_furnace":3,"minecraft:acacia_door":4,"minecraft:heavy_weighted_pressure_plate":1,"minecraft:melon_slice":36,"minecraft:bread":60,"minecraft:lectern":7,"minecraft:red_terracotta":17,"graveyard:acolyte_spawn_egg":1,"minecraft:iron_door":1,"minecraft:gravel":51,"iceandfire:pixie_house_mushroom_red":2,"iceandfire:dragon_skull_fire":2,"minecraft:grindstone":2,"minecraft:smithing_table":4,"minecraft:cobweb":1,"minecraft:stone_sword":24,"minecraft:acacia_log":3,"minecraft:cooked_chicken":1,"minecraft:orange_bed":27,"minecraft:torch":96,"minecraft:brewing_stand":3,"minecraft:dirt":206,"iceandfire:copper_sword":93,"iceandfire:pixie_dust":1,"minecraft:iron_axe":1961,"minecraft:acacia_slab":166,"minecraft:iron_boots":1,"minecraft:acacia_wood":1,"comforts:sleeping_bag_white":3,"minecraft:cooked_beef":4,"minecraft:cobbled_deepslate":64,"minecraft:acacia_planks":661,"minecraft:acacia_boat":3,"minecraft:water_bucket":132,"minecraft:iron_ore":2,"minecraft:fletching_table":9,"minecraft:jungle_wood":1,"minecraft:crafting_table":18,"minecraft:red_bed":2,"minecraft:white_bed":5,"minecraft:acacia_stairs":33,"minecraft:acacia_sign":6,"minecraft:iron_pickaxe":930,"minecraft:stone_axe":103,"minecraft:cobblestone":29,"minecraft:acacia_pressure_plate":1,"minecraft:bucket":163,"minecraft:wither_rose":1},"minecraft:dropped":{"iceandfire:raw_silver":3,"minecraft:ender_pearl":2,"minecraft:dark_oak_sapling":6,"minecraft:glow_berries":12,"minecraft:jungle_planks":41,"friendsandfoes:totem_of_illusion":1,"minecraft:dirt":41,"minecraft:jungle_sapling":1,"minecraft:amethyst_shard":2,"minecraft:gold_nugget":18,"minecraft:acacia_door":1,"minecraft:bone":9,"graveyard:dark_iron_trapdoor":1,"minecraft:stone_axe":1,"minecraft:iron_nugget":5,"minecraft:cobbled_deepslate":1,"minecraft:wheat":5,"graveyard:dark_iron_ingot":2,"minecraft:rotten_flesh":3,"minecraft:acacia_stairs":1,"minecraft:acacia_button":1,"minecraft:poppy":3,"minecraft:deepslate_tiles":1,"minecraft:coal_ore":1,"minecraft:melon_seeds":2,"minecraft:beetroot_seeds":1,"minecraft:acacia_slab":1,"minecraft:acacia_sapling":1,"comforts:sleeping_bag_white":1,"minecraft:iron_ore":21,"minecraft:basalt":2,"minecraft:acacia_fence":3,"minecraft:acacia_pressure_plate":3,"minecraft:enchanted_book":1,"minecraft:bread":249,"minecraft:wheat_seeds":14,"minecraft:diamond_leggings":1,"minecraft:yellow_terracotta":21,"minecraft:cobblestone":21,"minecraft:jungle_wood":1,"minecraft:tropical_fish":1,"minecraft:coal":10,"minecraft:lava_bucket":1,"minecraft:cobweb":64,"minecraft:melon_slice":5,"minecraft:iron_door":2,"minecraft:iron_leggings":1,"minecraft:iron_axe":1,"minecraft:iron_shovel":3,"minecraft:acacia_planks":8,"iceandfire:dragonbone":15,"minecraft:tuff":11,"minecraft:raw_iron":4,"minecraft:clay_ball":4,"minecraft:iron_boots":1,"minecraft:flint_and_steel":1,"graveyard:spruce_coffin":1,"minecraft:iron_chestplate":1,"minecraft:oak_sapling":2,"minecraft:stone_pickaxe":2,"minecraft:wooden_pickaxe":1,"iceandfire:dragon_skull_lightning":1},"minecraft:killed":{"minecraft:spider":2,"graveyard:wraith":3,"creeperoverhaul:bamboo_creeper":1,"minecraft:skeleton":5,"friendsandfoes:glare":1,"graveyard:acolyte":6,"minecraft:iron_golem":11,"iceandfire:cockatrice":1,"minecraft:zombie":10,"graveyard:corrupted_pillager":2,"minecraft:cow":1,"graveyard:corrupted_vindicator":1,"minecraft:drowned":2,"minecraft:husk":1,"iceandfire:ghost":4,"creeperoverhaul:savannah_creeper":1,"minecraft:player":1,"minecraft:enderman":3},"minecraft:mined":{"minecraft:dark_oak_planks":1,"minecraft:white_bed":2,"minecraft:jungle_leaves":4,"minecraft:brewing_stand":3,"minecraft:cave_vines_plant":16,"minecraft:acacia_log":133,"minecraft:grass_block":87,"minecraft:jungle_log":10,"minecraft:composter":5,"minecraft:acacia_pressure_plate":1,"minecraft:tall_seagrass":1,"minecraft:magma_block":1,"minecraft:iron_ore":2,"minecraft:fletching_table":6,"minecraft:cave_vines":26,"minecraft:water_cauldron":2,"minecraft:dirt_path":154,"minecraft:tripwire":2,"minecraft:orange_bed":27,"minecraft:red_bed":2,"minecraft:polished_deepslate_stairs":1,"graveyard:spruce_coffin":1,"minecraft:clay":4,"minecraft:blast_furnace":2,"minecraft:melon":11,"minecraft:cobblestone":21,"minecraft:grindstone":2,"minecraft:sugar_cane":14,"minecraft:iron_door":1,"minecraft:wall_torch":29,"minecraft:jungle_wood":12,"minecraft:wheat":6,"minecraft:wither_rose":1,"minecraft:grass":95,"minecraft:cracked_deepslate_tiles":3,"minecraft:oak_log":11,"minecraft:acacia_fence":2,"minecraft:dirt":39,"minecraft:oak_leaves":5,"minecraft:deepslate":77,"minecraft:yellow_terracotta":197,"minecraft:deepslate_tiles":1,"iceandfire:silver_ore":3,"minecraft:ladder":20,"sawmill:sawmill":1,"minecraft:jungle_planks":2,"minecraft:acacia_slab":27,"minecraft:moss_block":1,"minecraft:spore_blossom":1,"minecraft:deepslate_brick_slab":2,"minecraft:furnace":3,"minecraft:acacia_trapdoor":13,"minecraft:acacia_wood":120,"minecraft:acacia_stairs":154,"minecraft:bell":3,"minecraft:vine":3,"minecraft:bamboo":3,"minecraft:stone":81,"minecraft:smithing_table":3,"minecraft:acacia_leaves":37,"minecraft:glass_pane":9,"minecraft:basalt":1,"minecraft:dandelion":1,"minecraft:crafting_table":14,"iceandfire:pixie_house_mushroom_brown":2,"minecraft:lectern":5,"minecraft:tall_grass":8,"friendsandfoes:acacia_beehive":2,"minecraft:diorite":17,"minecraft:red_terracotta":24,"iceandfire:pixie_house_mushroom_red":2,"diagonalfences:minecraft/acacia_fence":4,"minecraft:bee_nest":1,"minecraft:coal_ore":1,"minecraft:dripstone_block":1,"minecraft:gravel":50,"minecraft:acacia_door":5,"minecraft:cobweb":1,"minecraft:acacia_planks":413,"minecraft:fern":3}},"DataVersion":3465}