{"stats":{"minecraft:mined":{"minecraft:grass":3,"unusualprehistory:tar":1},"minecraft:killed_by":{"minecraft:zombie":2,"minecraft:pillager":2},"minecraft:custom":{"minecraft:jump":184,"minecraft:time_since_rest":1857,"enigmaticlegacy:play_time_with_seven_curses":0,"minecraft:damage_dealt":140,"minecraft:crouch_one_cm":165,"minecraft:sprint_one_cm":13780,"minecraft:deaths":4,"minecraft:play_time":5867,"minecraft:damage_taken":990,"minecraft:time_since_death":1833,"minecraft:walk_one_cm":9356,"minecraft:sneak_time":9,"enigmaticlegacy:play_time_without_seven_curses":5406,"minecraft:total_world_time":5867,"minecraft:fall_one_cm":6444,"minecraft:fly_one_cm":52411}},"DataVersion":3120}