{"stats":{"minecraft:used":{"minecraft:stone_sword":24,"minecraft:shield":23,"minecraft:iron_sword":189,"minecraft:rotten_flesh":11,"minecraft:iron_chestplate":1,"minecraft:dirt":3,"minecraft:jungle_planks":47,"minecraft:lava_bucket":10,"minecraft:iron_axe":19,"minecraft:iron_boots":1,"minecraft:furnace":1,"minecraft:cooked_beef":3,"minecraft:acacia_planks":21,"minecraft:cobbled_deepslate":64,"minecraft:water_bucket":19,"minecraft:iron_ore":2,"minecraft:stone_pickaxe":40,"minecraft:wooden_pickaxe":6,"minecraft:jungle_boat":5,"minecraft:glow_berries":28,"minecraft:jungle_wood":1,"minecraft:golden_apple":2,"minecraft:crafting_table":11,"minecraft:melon_slice":31,"minecraft:bread":13,"minecraft:iron_pickaxe":384,"graveyard:acolyte_spawn_egg":1,"minecraft:gravel":1,"minecraft:stone_axe":103,"minecraft:cobblestone":14,"minecraft:bucket":31,"minecraft:wither_rose":1,"minecraft:cobweb":1},"minecraft:killed_by":{"minecraft:husk":1,"graveyard:skeleton_creeper":1},"minecraft:broken":{"minecraft:iron_pickaxe":1},"minecraft:picked_up":{"iceandfire:dragon_skull_lightning":2,"minecraft:bee_nest":1,"minecraft:cocoa_beans":8,"minecraft:crafting_table":12,"minecraft:wheat":5,"minecraft:clay_ball":4,"graveyard:dark_iron_ingot":2,"minecraft:wooden_pickaxe":1,"minecraft:wither_rose":1,"minecraft:string":6,"minecraft:iron_shovel":1,"graveyard:corruption":7,"minecraft:deepslate_tiles":1,"minecraft:gold_nugget":14,"minecraft:cobbled_deepslate":65,"minecraft:jungle_sapling":2,"minecraft:melon_slice":63,"minecraft:iron_boots":1,"minecraft:furnace":3,"iceandfire:pixie_dust":1,"minecraft:dark_oak_sapling":3,"minecraft:raw_iron":4,"minecraft:stick":2,"iceandfire:dragonbone":53,"minecraft:polished_deepslate_stairs":1,"graveyard:acolyte_spawn_egg":1,"graveyard:dark_iron_trapdoor":1,"minecraft:dark_oak_planks":1,"minecraft:stone_sword":1,"minecraft:arrow":1,"minecraft:rotten_flesh":3,"minecraft:tropical_fish":1,"minecraft:glow_berries":40,"minecraft:cobblestone":52,"minecraft:magma_block":1,"minecraft:jungle_boat":6,"minecraft:leather_chestplate":1,"minecraft:cooked_beef":4,"minecraft:basalt":2,"minecraft:jungle_log":13,"minecraft:leather":2,"minecraft:jungle_wood":19,"minecraft:acacia_wood":7,"minecraft:flint":2,"minecraft:tuff":11,"graveyard:spruce_coffin":1,"minecraft:dirt":6,"minecraft:bone":9,"minecraft:acacia_planks":4,"minecraft:wheat_seeds":6,"minecraft:spore_blossom":1,"minecraft:iron_ingot":6,"minecraft:stone_pickaxe":2,"minecraft:cobweb":25,"minecraft:bamboo":21,"minecraft:gravel":1,"iceandfire:dragon_skull_fire":1,"minecraft:jungle_planks":24,"minecraft:spider_eye":1,"minecraft:coal_ore":1,"minecraft:stone_axe":1,"minecraft:oak_sapling":2,"minecraft:coal":8,"iceandfire:raw_silver":3,"minecraft:ender_pearl":1},"minecraft:mined":{"minecraft:dark_oak_planks":1,"minecraft:deepslate_tiles":1,"iceandfire:silver_ore":3,"minecraft:jungle_leaves":4,"minecraft:cave_vines_plant":16,"minecraft:grass_block":1,"minecraft:jungle_planks":2,"minecraft:jungle_log":10,"minecraft:moss_block":1,"minecraft:spore_blossom":1,"minecraft:magma_block":1,"minecraft:furnace":1,"minecraft:iron_ore":2,"minecraft:acacia_wood":7,"minecraft:cave_vines":26,"minecraft:vine":3,"minecraft:bamboo":3,"minecraft:stone":81,"minecraft:tripwire":2,"minecraft:acacia_leaves":3,"minecraft:polished_deepslate_stairs":1,"minecraft:basalt":1,"graveyard:spruce_coffin":1,"minecraft:clay":4,"minecraft:crafting_table":9,"minecraft:melon":11,"minecraft:cobblestone":3,"minecraft:diorite":17,"minecraft:jungle_wood":12,"minecraft:wither_rose":1,"minecraft:bee_nest":1,"minecraft:grass":23,"minecraft:cracked_deepslate_tiles":3,"minecraft:coal_ore":1,"minecraft:dirt":2,"minecraft:cobweb":1,"minecraft:fern":3,"minecraft:oak_leaves":4,"minecraft:deepslate":77},"minecraft:dropped":{"iceandfire:raw_silver":3,"minecraft:wheat_seeds":6,"minecraft:dark_oak_sapling":6,"minecraft:diamond_leggings":1,"minecraft:cobblestone":7,"minecraft:glow_berries":12,"minecraft:jungle_wood":1,"minecraft:jungle_planks":41,"minecraft:tropical_fish":1,"minecraft:coal":10,"minecraft:lava_bucket":1,"minecraft:dirt":3,"minecraft:cobweb":64,"minecraft:melon_slice":5,"minecraft:iron_leggings":1,"minecraft:jungle_sapling":1,"minecraft:gold_nugget":18,"minecraft:iron_shovel":3,"minecraft:acacia_planks":7,"iceandfire:dragonbone":15,"minecraft:bone":9,"graveyard:dark_iron_trapdoor":1,"minecraft:stone_axe":1,"minecraft:iron_nugget":5,"minecraft:cobbled_deepslate":1,"minecraft:tuff":11,"minecraft:wheat":5,"minecraft:raw_iron":4,"graveyard:dark_iron_ingot":2,"minecraft:clay_ball":4,"minecraft:iron_boots":1,"minecraft:flint_and_steel":1,"minecraft:deepslate_tiles":1,"graveyard:spruce_coffin":1,"minecraft:coal_ore":1,"minecraft:iron_chestplate":1,"minecraft:oak_sapling":2,"minecraft:iron_ore":21,"minecraft:basalt":2,"minecraft:stone_pickaxe":2,"minecraft:wooden_pickaxe":1,"iceandfire:dragon_skull_lightning":1},"minecraft:killed":{"graveyard:corrupted_vindicator":1,"minecraft:spider":2,"graveyard:wraith":3,"creeperoverhaul:bamboo_creeper":1,"minecraft:skeleton":3,"friendsandfoes:glare":1,"graveyard:acolyte":6,"minecraft:drowned":2,"minecraft:husk":1,"minecraft:iron_golem":1,"minecraft:zombie":7,"minecraft:player":1,"graveyard:corrupted_pillager":2,"minecraft:enderman":2,"minecraft:cow":1},"minecraft:crafted":{"minecraft:coal":63,"minecraft:furnace":1,"minecraft:iron_boots":1,"minecraft:iron_axe":1,"minecraft:stone_pickaxe":1,"minecraft:coal_block":4,"minecraft:crafting_table":2,"minecraft:wooden_pickaxe":1,"minecraft:bucket":1,"minecraft:stone_axe":1,"minecraft:jungle_planks":96,"minecraft:shield":1,"minecraft:stick":8,"minecraft:iron_ingot":15,"minecraft:iron_pickaxe":2,"minecraft:stone_sword":1,"minecraft:gold_ingot":14,"minecraft:acacia_planks":25},"minecraft:custom":{"lootr:looted_stat":10,"minecraft:mob_kills":35,"minecraft:interact_with_crafting_table":17,"minecraft:open_barrel":2,"minecraft:leave_game":1,"minecraft:time_since_death":91591,"minecraft:climb_one_cm":15639,"minecraft:sprint_one_cm":202064,"minecraft:walk_one_cm":203875,"minecraft:damage_blocked_by_shield":903,"minecraft:drop":66,"minecraft:play_time":117193,"minecraft:deaths":2,"minecraft:sneak_time":2530,"minecraft:walk_under_water_one_cm":20276,"minecraft:boat_one_cm":116200,"minecraft:interact_with_lectern":3,"minecraft:jump":2178,"minecraft:interact_with_brewingstand":1,"minecraft:walk_on_water_one_cm":14000,"minecraft:total_world_time":117193,"minecraft:interact_with_furnace":2,"minecraft:interact_with_loom":1,"minecraft:sleep_in_bed":1,"minecraft:time_since_rest":2075,"minecraft:damage_taken":2563,"minecraft:damage_absorbed":40,"minecraft:damage_dealt":8557,"minecraft:player_kills":1,"minecraft:swim_one_cm":22881,"minecraft:fly_one_cm":305336,"minecraft:open_chest":5,"minecraft:crouch_one_cm":6600,"minecraft:fall_one_cm":59134}},"DataVersion":3465}