{"stats":{"minecraft:mined":{"ecologics:coconut_planks":1,"minecraft:crafting_table":3,"minecraft:torch":4,"minecraft:budding_amethyst":1,"iter_rpg:ametrine_ore":1,"minecraft:tall_grass":6,"minecraft:cobblestone":8,"minecraft:oak_planks":7,"minecraft:wall_torch":3,"minecraft:amethyst_block":5,"minecraft:furnace":2,"iter_rpg:small_vase":1,"minecraft:iron_ore":5,"iter_rpg:deepslate_ametrine_ore":2,"unusualprehistory:tar":1,"treechop:chopped_log":1,"minecraft:grass":15,"minecraft:coal_ore":6,"iter_rpg:spider_egg":1,"minecraft:deepslate_iron_ore":6,"minecraft:dirt":4,"ecologics:walnut_planks":4,"minecraft:stone":10,"create:veridium":1,"unusualprehistory:splattered_tar":2},"minecraft:killed":{"rottencreatures:undead_miner":1,"minecraft:zombie_villager":1,"naturalist:butterfly":1,"minecraft:spider":1,"iter_rpg:spiderling":1,"minecraft:skeleton":1,"minecraft:zombie":6,"born_in_chaos_v1:corpse_fly":4,"majruszsdifficulty:creeperling":1,"born_in_chaos_v1:door_knight":1},"minecraft:killed_by":{"minecraft:vindicator":1,"alexsmobs:centipede_head":1,"minecraft:skeleton":4,"minecraft:creeper":3,"minecraft:zombie":2,"minecraft:pillager":2,"born_in_chaos_v1:corpse_fly":1,"born_in_chaos_v1:firelight_not_despawn":1,"rottencreatures:undead_miner":1},"minecraft:dropped":{"minecraft:wheat_seeds":1,"born_in_chaos_v1:trident_hayfork":1},"minecraft:crafted":{"minecraft:oak_planks":16,"minecraft:crafting_table":1,"minecraft:wooden_pickaxe":1,"ecologics:walnut_planks":20,"minecraft:iron_sword":1,"minecraft:furnace":1,"minecraft:stone_axe":1,"minecraft:air":0,"minecraft:stick":8,"minecraft:iron_ingot":5,"minecraft:iron_pickaxe":1,"minecraft:stone_pickaxe":1},"minecraft:custom":{"enigmaticlegacy:play_time_with_seven_curses":0,"minecraft:interact_with_furnace":5,"minecraft:mob_kills":20,"enigmaticlegacy:play_time_without_seven_curses":43698,"minecraft:interact_with_crafting_table":6,"minecraft:leave_game":2,"minecraft:time_since_death":99,"minecraft:climb_one_cm":152,"minecraft:time_since_rest":124,"minecraft:sprint_one_cm":127100,"minecraft:damage_taken":5168,"minecraft:walk_one_cm":95411,"minecraft:drop":2,"minecraft:damage_dealt":4343,"minecraft:player_kills":1,"minecraft:fly_one_cm":309050,"minecraft:crouch_one_cm":1184,"minecraft:play_time":44723,"minecraft:deaths":17,"minecraft:sneak_time":485,"minecraft:walk_under_water_one_cm":2375,"minecraft:jump":1251,"minecraft:walk_on_water_one_cm":3160,"minecraft:total_world_time":44723,"minecraft:fall_one_cm":42649},"minecraft:used":{"minecraft:stone_pickaxe":31,"minecraft:oak_planks":7,"create:veridium":1,"minecraft:wooden_pickaxe":2,"minecraft:iron_sword":19,"minecraft:rotten_flesh":4,"minecraft:stick":1,"minecraft:torch":7,"minecraft:dirt":34,"minecraft:crafting_table":3,"minecraft:melon_slice":13,"minecraft:iron_pickaxe":19,"minecraft:stone_axe":62,"ecologics:walnut_planks":9,"minecraft:cobblestone":8,"minecraft:furnace":2,"ecologics:walnut":4},"minecraft:picked_up":{"ecologics:walnut_planks":10,"born_in_chaos_v1:corpse_maggot":4,"minecraft:crafting_table":4,"ecologics:walnut":11,"minecraft:andesite":1,"minecraft:oak_log":4,"minecraft:amethyst_block":5,"minecraft:string":1,"minecraft:dirt":41,"minecraft:bone":1,"ecologics:walnut_sapling":10,"minecraft:wheat_seeds":1,"iter_rpg:ametrine_shard":9,"minecraft:cobbled_deepslate":26,"iter_rpg:potsherd":2,"minecraft:stone_pickaxe":1,"minecraft:melon_slice":13,"minecraft:oak_planks":3,"minecraft:furnace":2,"minecraft:stick":7,"minecraft:raw_iron":11,"ecologics:walnut_log":5,"minecraft:torch":72,"minecraft:arrow":1,"minecraft:rotten_flesh":14,"iter_rpg:void_quartz_block":3,"create:veridium":1,"born_in_chaos_v1:trident_hayfork":2,"minecraft:coal":13,"minecraft:cobblestone":24}},"DataVersion":3120}