{"stats":{"minecraft:killed":{"naturalist:butterfly":1,"born_in_chaos_v1:door_knight":1},"minecraft:mined":{"treechop:chopped_log":1,"unusualprehistory:tar":1,"minecraft:crafting_table":1,"minecraft:torch":4,"minecraft:grass":12,"minecraft:tall_grass":6,"minecraft:cobblestone":8,"ecologics:walnut_planks":2,"minecraft:oak_planks":7,"unusualprehistory:splattered_tar":2,"minecraft:wall_torch":1},"minecraft:killed_by":{"minecraft:vindicator":1,"minecraft:skeleton":1,"born_in_chaos_v1:firelight_not_despawn":1,"minecraft:zombie":2,"minecraft:pillager":2},"minecraft:dropped":{"minecraft:wheat_seeds":1,"born_in_chaos_v1:trident_hayfork":1},"minecraft:crafted":{"minecraft:oak_planks":16,"minecraft:crafting_table":1,"minecraft:stick":8,"ecologics:walnut_planks":20,"minecraft:wooden_pickaxe":1,"minecraft:stone_pickaxe":1,"minecraft:stone_axe":1},"minecraft:custom":{"minecraft:time_since_rest":8722,"enigmaticlegacy:play_time_with_seven_curses":0,"minecraft:sprint_one_cm":57340,"minecraft:damage_taken":1945,"minecraft:walk_one_cm":36529,"minecraft:mob_kills":2,"minecraft:drop":2,"minecraft:damage_dealt":956,"enigmaticlegacy:play_time_without_seven_curses":19590,"minecraft:interact_with_crafting_table":3,"minecraft:fly_one_cm":155648,"minecraft:crouch_one_cm":767,"minecraft:play_time":20158,"minecraft:deaths":7,"minecraft:sneak_time":361,"minecraft:jump":582,"minecraft:leave_game":1,"minecraft:time_since_death":8697,"minecraft:total_world_time":20158,"minecraft:fall_one_cm":19270},"minecraft:used":{"minecraft:melon_slice":7,"minecraft:stone_pickaxe":6,"minecraft:oak_planks":7,"minecraft:wooden_pickaxe":2,"minecraft:stone_axe":20,"ecologics:walnut_planks":3,"minecraft:torch":4,"minecraft:cobblestone":8,"minecraft:crafting_table":1,"ecologics:walnut":4},"minecraft:picked_up":{"ecologics:walnut_planks":8,"minecraft:stick":7,"minecraft:crafting_table":1,"ecologics:walnut":11,"ecologics:walnut_log":5,"minecraft:torch":5,"minecraft:oak_log":4,"minecraft:rotten_flesh":2,"ecologics:walnut_sapling":3,"minecraft:wheat_seeds":1,"minecraft:melon_slice":13,"born_in_chaos_v1:trident_hayfork":2,"minecraft:oak_planks":3,"minecraft:cobblestone":14}},"DataVersion":3120}