{"stats":{"minecraft:mined":{"ecologics:coconut_planks":1,"minecraft:crafting_table":2,"minecraft:torch":4,"minecraft:tall_grass":6,"minecraft:cobblestone":8,"minecraft:oak_planks":7,"minecraft:wall_torch":2,"minecraft:furnace":1,"iter_rpg:small_vase":1,"minecraft:iron_ore":5,"unusualprehistory:tar":1,"treechop:chopped_log":1,"minecraft:grass":15,"iter_rpg:spider_egg":1,"ecologics:walnut_planks":2,"minecraft:stone":9,"create:veridium":1,"unusualprehistory:splattered_tar":2},"minecraft:killed":{"rottencreatures:undead_miner":1,"minecraft:zombie_villager":1,"naturalist:butterfly":1,"minecraft:spider":1,"iter_rpg:spiderling":1,"minecraft:skeleton":1,"minecraft:zombie":2,"majruszsdifficulty:creeperling":1,"born_in_chaos_v1:door_knight":1},"minecraft:killed_by":{"minecraft:vindicator":1,"alexsmobs:centipede_head":1,"minecraft:skeleton":3,"minecraft:creeper":2,"minecraft:zombie":2,"minecraft:pillager":2,"born_in_chaos_v1:firelight_not_despawn":1,"rottencreatures:undead_miner":1},"minecraft:dropped":{"minecraft:wheat_seeds":1,"born_in_chaos_v1:trident_hayfork":1},"minecraft:crafted":{"minecraft:oak_planks":16,"minecraft:crafting_table":1,"minecraft:wooden_pickaxe":1,"ecologics:walnut_planks":20,"minecraft:furnace":1,"minecraft:stone_axe":1,"minecraft:stick":8,"minecraft:stone_pickaxe":1},"minecraft:custom":{"enigmaticlegacy:play_time_with_seven_curses":0,"minecraft:interact_with_furnace":2,"minecraft:mob_kills":12,"enigmaticlegacy:play_time_without_seven_curses":29710,"minecraft:interact_with_crafting_table":4,"minecraft:leave_game":1,"minecraft:time_since_death":3119,"minecraft:time_since_rest":3147,"minecraft:sprint_one_cm":86802,"minecraft:damage_taken":3933,"minecraft:walk_one_cm":69311,"minecraft:drop":2,"minecraft:damage_dealt":3008,"minecraft:fly_one_cm":220968,"minecraft:crouch_one_cm":908,"minecraft:play_time":30628,"minecraft:deaths":13,"minecraft:sneak_time":389,"minecraft:walk_under_water_one_cm":1717,"minecraft:jump":889,"minecraft:walk_on_water_one_cm":1931,"minecraft:total_world_time":30628,"minecraft:fall_one_cm":27829},"minecraft:used":{"minecraft:stone_pickaxe":24,"minecraft:oak_planks":7,"create:veridium":1,"minecraft:wooden_pickaxe":2,"minecraft:rotten_flesh":2,"minecraft:torch":5,"minecraft:dirt":2,"minecraft:crafting_table":2,"minecraft:melon_slice":13,"minecraft:stone_axe":51,"ecologics:walnut_planks":3,"minecraft:cobblestone":8,"minecraft:furnace":1,"ecologics:walnut":4},"minecraft:picked_up":{"ecologics:walnut_planks":8,"minecraft:crafting_table":3,"ecologics:walnut":11,"minecraft:andesite":1,"minecraft:oak_log":4,"minecraft:string":1,"minecraft:dirt":37,"minecraft:bone":1,"ecologics:walnut_sapling":3,"minecraft:wheat_seeds":1,"iter_rpg:potsherd":2,"minecraft:melon_slice":13,"minecraft:oak_planks":3,"minecraft:furnace":1,"minecraft:stick":7,"minecraft:raw_iron":5,"ecologics:walnut_log":5,"minecraft:torch":71,"minecraft:arrow":1,"minecraft:rotten_flesh":8,"create:veridium":1,"born_in_chaos_v1:trident_hayfork":2,"minecraft:coal":1,"minecraft:cobblestone":23}},"DataVersion":3120}