{"stats":{"minecraft:killed_by":{"minecraft:husk":1,"graveyard:skeleton_creeper":1},"minecraft:picked_up":{"iceandfire:dragon_skull_lightning":3,"minecraft:wheat":5,"minecraft:cocoa_beans":8,"minecraft:crafting_table":13,"minecraft:bee_nest":1,"minecraft:clay_ball":4,"graveyard:dark_iron_ingot":2,"minecraft:wooden_pickaxe":1,"minecraft:acacia_pressure_plate":5,"minecraft:wither_rose":1,"minecraft:brewing_stand":1,"minecraft:string":6,"minecraft:red_bed":1,"minecraft:iron_axe":1,"minecraft:acacia_door":4,"minecraft:iron_shovel":1,"graveyard:corruption":7,"minecraft:deepslate_tiles":1,"minecraft:cartography_table":1,"minecraft:gold_nugget":14,"minecraft:cobbled_deepslate":65,"sawmill:sawmill":1,"minecraft:jungle_sapling":2,"minecraft:poppy":4,"minecraft:lectern":2,"minecraft:melon_slice":63,"minecraft:iron_boots":1,"minecraft:furnace":3,"minecraft:dark_oak_sapling":3,"iceandfire:dragonbone":78,"iceandfire:pixie_dust":1,"minecraft:raw_iron":4,"minecraft:stick":2,"minecraft:acacia_fence":7,"minecraft:composter":4,"minecraft:acacia_log":1,"minecraft:polished_deepslate_stairs":1,"minecraft:torch":5,"iceandfire:pixie_house_mushroom_brown":1,"graveyard:acolyte_spawn_egg":1,"graveyard:dark_iron_trapdoor":1,"minecraft:cauldron":2,"minecraft:dark_oak_planks":1,"minecraft:orange_bed":7,"minecraft:arrow":2,"minecraft:stone_sword":1,"minecraft:rotten_flesh":10,"minecraft:tropical_fish":1,"minecraft:yellow_terracotta":23,"minecraft:glow_berries":40,"minecraft:cobblestone":54,"minecraft:magma_block":1,"minecraft:leather_chestplate":1,"minecraft:jungle_boat":7,"minecraft:basalt":2,"minecraft:cooked_beef":4,"minecraft:iron_door":3,"minecraft:jungle_log":13,"minecraft:leather":2,"minecraft:jungle_wood":19,"minecraft:acacia_wood":47,"minecraft:flint":2,"graveyard:spruce_coffin":1,"minecraft:tuff":11,"minecraft:dirt":9,"iceandfire:pixie_house_mushroom_red":1,"minecraft:bone":11,"minecraft:acacia_planks":28,"minecraft:wheat_seeds":12,"minecraft:deepslate_brick_slab":2,"minecraft:bell":3,"minecraft:grindstone":1,"minecraft:iron_ingot":15,"minecraft:spore_blossom":1,"minecraft:stone_pickaxe":2,"minecraft:cobweb":25,"friendsandfoes:acacia_beehive":2,"minecraft:bamboo":21,"minecraft:gravel":1,"iceandfire:dragon_skull_fire":1,"minecraft:jungle_planks":24,"minecraft:acacia_stairs":3,"minecraft:spider_eye":1,"minecraft:coal_ore":1,"minecraft:stone_axe":1,"minecraft:oak_sapling":2,"minecraft:melon_seeds":2,"minecraft:coal":8,"iceandfire:raw_silver":3,"minecraft:ender_pearl":3},"minecraft:broken":{"minecraft:iron_pickaxe":1},"minecraft:crafted":{"minecraft:coal":63,"minecraft:furnace":1,"minecraft:iron_boots":1,"minecraft:iron_axe":1,"minecraft:stone_pickaxe":1,"minecraft:chest":2,"minecraft:iron_door":3,"minecraft:coal_block":4,"minecraft:crafting_table":2,"minecraft:wooden_pickaxe":1,"minecraft:bucket":1,"minecraft:acacia_button":1,"minecraft:stone_axe":1,"minecraft:jungle_planks":96,"minecraft:shield":1,"minecraft:stick":8,"minecraft:iron_ingot":15,"minecraft:iron_pickaxe":2,"minecraft:stone_sword":1,"minecraft:gold_ingot":14,"minecraft:acacia_planks":189},"minecraft:custom":{"lootr:looted_stat":14,"minecraft:mob_kills":49,"minecraft:interact_with_crafting_table":19,"minecraft:open_barrel":2,"minecraft:bell_ring":44,"minecraft:leave_game":2,"minecraft:time_since_death":154207,"minecraft:climb_one_cm":15639,"minecraft:sprint_one_cm":366215,"minecraft:walk_one_cm":360508,"minecraft:damage_blocked_by_shield":928,"minecraft:drop":86,"minecraft:talked_to_villager":2,"minecraft:sneak_time":3565,"minecraft:play_time":179809,"minecraft:deaths":2,"minecraft:walk_under_water_one_cm":23660,"minecraft:boat_one_cm":116200,"minecraft:interact_with_lectern":3,"minecraft:jump":3532,"minecraft:interact_with_brewingstand":1,"minecraft:walk_on_water_one_cm":19325,"minecraft:total_world_time":179809,"minecraft:interact_with_furnace":2,"minecraft:interact_with_cartography_table":1,"minecraft:interact_with_loom":1,"minecraft:interact_with_stonecutter":1,"minecraft:sleep_in_bed":2,"minecraft:time_since_rest":32234,"minecraft:damage_taken":3015,"minecraft:damage_absorbed":40,"minecraft:trigger_trapped_chest":4,"minecraft:damage_dealt":13691,"minecraft:player_kills":1,"minecraft:swim_one_cm":34939,"minecraft:fly_one_cm":617868,"minecraft:open_chest":26,"minecraft:crouch_one_cm":10110,"minecraft:fall_one_cm":94296},"minecraft:used":{"minecraft:stone_sword":24,"minecraft:chest":2,"minecraft:shield":24,"iceandfire:pixie_house_mushroom_brown":1,"minecraft:iron_sword":241,"minecraft:bell":3,"minecraft:rotten_flesh":12,"minecraft:iron_chestplate":1,"minecraft:orange_bed":7,"minecraft:torch":2,"minecraft:dirt":5,"iceandfire:copper_sword":14,"iceandfire:pixie_dust":1,"minecraft:jungle_planks":47,"minecraft:acacia_button":1,"minecraft:lava_bucket":17,"minecraft:iron_axe":223,"minecraft:iron_boots":1,"minecraft:furnace":3,"minecraft:acacia_fence":2,"minecraft:cooked_beef":4,"minecraft:acacia_planks":183,"minecraft:cobbled_deepslate":64,"minecraft:water_bucket":43,"minecraft:iron_ore":2,"minecraft:stone_pickaxe":40,"minecraft:wooden_pickaxe":6,"minecraft:jungle_boat":6,"minecraft:glow_berries":28,"minecraft:jungle_wood":1,"minecraft:golden_apple":2,"minecraft:yellow_terracotta":16,"minecraft:crafting_table":12,"minecraft:red_bed":1,"minecraft:acacia_stairs":3,"minecraft:acacia_door":2,"minecraft:bread":26,"minecraft:iron_pickaxe":452,"minecraft:melon_slice":36,"minecraft:iron_door":1,"graveyard:acolyte_spawn_egg":1,"minecraft:gravel":1,"minecraft:stone_axe":103,"iceandfire:pixie_house_mushroom_red":1,"minecraft:cobblestone":29,"minecraft:acacia_pressure_plate":1,"minecraft:bucket":62,"minecraft:wither_rose":1,"minecraft:cobweb":1},"minecraft:dropped":{"minecraft:bread":128,"iceandfire:raw_silver":3,"minecraft:wheat_seeds":8,"minecraft:ender_pearl":2,"minecraft:dark_oak_sapling":6,"minecraft:yellow_terracotta":7,"minecraft:diamond_leggings":1,"minecraft:glow_berries":12,"minecraft:cobblestone":9,"minecraft:jungle_wood":1,"minecraft:jungle_planks":41,"minecraft:tropical_fish":1,"minecraft:coal":10,"minecraft:lava_bucket":1,"minecraft:dirt":3,"minecraft:cobweb":64,"minecraft:melon_slice":5,"minecraft:iron_door":2,"minecraft:iron_leggings":1,"minecraft:jungle_sapling":1,"minecraft:gold_nugget":18,"minecraft:iron_axe":1,"minecraft:iron_shovel":3,"minecraft:acacia_door":1,"minecraft:acacia_planks":7,"iceandfire:dragonbone":15,"minecraft:bone":9,"graveyard:dark_iron_trapdoor":1,"minecraft:stone_axe":1,"minecraft:iron_nugget":5,"minecraft:cobbled_deepslate":1,"minecraft:tuff":11,"minecraft:wheat":5,"minecraft:raw_iron":4,"graveyard:dark_iron_ingot":2,"minecraft:rotten_flesh":3,"minecraft:clay_ball":4,"minecraft:iron_boots":1,"minecraft:flint_and_steel":1,"minecraft:deepslate_tiles":1,"graveyard:spruce_coffin":1,"minecraft:coal_ore":1,"minecraft:iron_chestplate":1,"minecraft:melon_seeds":2,"minecraft:oak_sapling":2,"minecraft:basalt":2,"minecraft:iron_ore":21,"minecraft:wooden_pickaxe":1,"minecraft:stone_pickaxe":2,"minecraft:acacia_fence":3,"iceandfire:dragon_skull_lightning":1,"minecraft:acacia_pressure_plate":3},"minecraft:killed":{"graveyard:corrupted_vindicator":1,"minecraft:spider":2,"graveyard:wraith":3,"creeperoverhaul:bamboo_creeper":1,"minecraft:skeleton":5,"friendsandfoes:glare":1,"graveyard:acolyte":6,"minecraft:drowned":2,"minecraft:husk":1,"minecraft:iron_golem":4,"minecraft:zombie":10,"iceandfire:ghost":4,"creeperoverhaul:savannah_creeper":1,"minecraft:player":1,"graveyard:corrupted_pillager":2,"minecraft:enderman":3,"minecraft:cow":1},"minecraft:mined":{"minecraft:dark_oak_planks":1,"minecraft:yellow_terracotta":18,"minecraft:deepslate_tiles":1,"iceandfire:silver_ore":3,"minecraft:jungle_leaves":4,"minecraft:brewing_stand":1,"minecraft:cave_vines_plant":16,"minecraft:acacia_log":1,"minecraft:grass_block":4,"sawmill:sawmill":1,"minecraft:jungle_planks":2,"minecraft:jungle_log":10,"minecraft:composter":2,"minecraft:moss_block":1,"minecraft:acacia_pressure_plate":1,"minecraft:spore_blossom":1,"minecraft:deepslate_brick_slab":2,"minecraft:magma_block":1,"minecraft:furnace":1,"minecraft:iron_ore":2,"minecraft:acacia_wood":48,"minecraft:acacia_stairs":3,"minecraft:bell":3,"minecraft:vine":3,"minecraft:cave_vines":26,"minecraft:water_cauldron":2,"minecraft:bamboo":3,"minecraft:stone":81,"minecraft:tripwire":2,"minecraft:orange_bed":7,"minecraft:acacia_leaves":3,"minecraft:glass_pane":6,"minecraft:red_bed":1,"minecraft:polished_deepslate_stairs":1,"minecraft:basalt":1,"graveyard:spruce_coffin":1,"minecraft:clay":4,"minecraft:crafting_table":10,"iceandfire:pixie_house_mushroom_brown":1,"minecraft:melon":11,"minecraft:tall_grass":2,"minecraft:cobblestone":5,"friendsandfoes:acacia_beehive":2,"minecraft:grindstone":1,"minecraft:diorite":17,"minecraft:iron_door":1,"minecraft:wall_torch":3,"minecraft:jungle_wood":12,"minecraft:wheat":1,"iceandfire:pixie_house_mushroom_red":1,"minecraft:wither_rose":1,"minecraft:bee_nest":1,"diagonalfences:minecraft/acacia_fence":2,"minecraft:grass":41,"minecraft:cracked_deepslate_tiles":3,"minecraft:coal_ore":1,"minecraft:acacia_fence":2,"minecraft:acacia_door":4,"minecraft:dirt":15,"minecraft:cobweb":1,"minecraft:acacia_planks":24,"minecraft:oak_leaves":4,"minecraft:deepslate":77,"minecraft:fern":3}},"DataVersion":3465}