{"stats":{"minecraft:killed":{"minecraft:cave_spider":1,"minecraft:spider":1,"born_in_chaos_v1:scarlet_persecutor":2,"born_in_chaos_v1:maggot":3,"minecraft:sheep":4,"minecraft:pillager":3,"minecraft:zombie":4,"born_in_chaos_v1:corpse_fly":4,"ecologics:coconut_crab":1,"minecraft:cow":3},"minecraft:mined":{"minecraft:white_bed":1,"minecraft:crafting_table":4,"minecraft:torch":2,"minecraft:granite":2,"minecraft:grass_block":1,"minecraft:tall_grass":5,"minecraft:wall_torch":5,"environmental:giant_tall_grass":5,"ecologics:seashell":1,"minecraft:iron_ore":1,"minecraft:andesite":1,"treechop:chopped_log":6,"minecraft:grass":21,"minecraft:coal_ore":6,"delightful:mini_melon":42,"ecologics:walnut_log":1,"minecraft:stone":28},"minecraft:broken":{"minecraft:stone_axe":1},"minecraft:killed_by":{"born_in_chaos_v1:bloody_gadfly":1,"minecraft:skeleton":3,"minecraft:creeper":1,"minecraft:pillager":1,"born_in_chaos_v1:scarlet_persecutor":5,"born_in_chaos_v1:door_knight":1},"minecraft:crafted":{"minecraft:crafting_table":1,"ecologics:coconut_planks":36,"minecraft:melon_slice":120,"ecologics:walnut_planks":16,"minecraft:wooden_pickaxe":1,"minecraft:birch_planks":24,"minecraft:stone_axe":2,"minecraft:stone_pickaxe":1,"minecraft:stone_sword":1,"minecraft:white_bed":1},"minecraft:dropped":{"minecraft:oak_log":4,"minecraft:birch_sapling":2,"minecraft:cobblestone":6,"minecraft:oak_planks":1,"minecraft:granite":1,"minecraft:coal":3,"minecraft:stick":4,"ecologics:walnut_planks":6,"minecraft:dirt":1,"bakery:strawberry_seeds":1,"minecraft:andesite":1,"minecraft:melon_slice":13,"ecologics:coconut_husk":6,"minecraft:oak_sapling":4,"minecraft:wooden_pickaxe":1,"ecologics:seashell":1},"minecraft:custom":{"enigmaticlegacy:play_time_with_seven_curses":0,"minecraft:mob_kills":25,"enigmaticlegacy:play_time_without_seven_curses":73224,"minecraft:interact_with_crafting_table":7,"minecraft:leave_game":5,"minecraft:time_since_death":2186,"minecraft:sleep_in_bed":1,"minecraft:time_since_rest":2210,"minecraft:waystone_activated":1,"minecraft:sprint_one_cm":146256,"minecraft:damage_taken":4242,"minecraft:walk_one_cm":90291,"minecraft:drop":17,"minecraft:damage_dealt":5045,"minecraft:swim_one_cm":6331,"minecraft:fly_one_cm":316067,"minecraft:crouch_one_cm":316,"minecraft:play_time":74044,"minecraft:deaths":12,"minecraft:sneak_time":123,"minecraft:walk_under_water_one_cm":4706,"minecraft:jump":1263,"minecraft:walk_on_water_one_cm":3098,"minecraft:total_world_time":74044,"minecraft:fall_one_cm":40263},"minecraft:used":{"minecraft:stone_sword":33,"minecraft:stone_pickaxe":36,"minecraft:wooden_pickaxe":4,"ecologics:coconut_planks":28,"minecraft:torch":6,"minecraft:crafting_table":5,"minecraft:white_bed":1,"minecraft:melon_slice":60,"minecraft:stone_axe":121,"ecologics:coconut_slice":8,"minecraft:cobblestone":2},"minecraft:picked_up":{"minecraft:birch_log":6,"born_in_chaos_v1:corpse_maggot":6,"minecraft:crafting_table":4,"ecologics:walnut":13,"minecraft:andesite":1,"minecraft:leather":3,"ecologics:seashell":1,"bakery:strawberry_seeds":1,"minecraft:oak_log":4,"minecraft:dirt":1,"minecraft:string":3,"minecraft:sticky_piston":4,"ecologics:walnut_sapling":7,"delightful:mini_melon":48,"minecraft:wheat_seeds":4,"minecraft:beef":7,"minecraft:birch_sapling":2,"minecraft:oak_planks":1,"ecologics:crab_claw":1,"minecraft:stick":17,"minecraft:raw_iron":1,"ecologics:walnut_log":4,"ecologics:coconut_slice":8,"ecologics:coconut_seedling":1,"minecraft:torch":7,"born_in_chaos_v1:ethereal_spirit":1,"ecologics:coconut_husk":1,"minecraft:white_bed":1,"minecraft:spider_eye":1,"minecraft:rotten_flesh":7,"minecraft:slime_ball":2,"autumnity:maple_sapling":6,"ecologics:coconut_log":9,"minecraft:granite":1,"minecraft:oak_sapling":4,"minecraft:mutton":5,"minecraft:coal":5,"minecraft:white_wool":4,"minecraft:cobblestone":28}},"DataVersion":3120}