{"stats":{"minecraft:killed_by":{"minecraft:husk":2,"minecraft:player":1,"minecraft:skeleton":1,"minecraft:zombie":1},"minecraft:picked_up":{"iceandfire:dragon_skull_lightning":6,"minecraft:cocoa_beans":18,"minecraft:crafting_table":9,"minecraft:iron_chestplate":1,"minecraft:wheat":258,"minecraft:clay_ball":76,"minecraft:smithing_table":1,"friendsandfoes:totem_of_illusion":1,"minecraft:wooden_pickaxe":5,"minecraft:enchanted_book":1,"minecraft:brick":3,"minecraft:string":5,"minecraft:flint_and_steel":1,"minecraft:iron_leggings":1,"graveyard:corruption":10,"minecraft:diamond_leggings":1,"minecraft:deepslate_tiles":7,"minecraft:cartography_table":1,"minecraft:cobbled_deepslate":43,"minecraft:bucket":1,"comforts:sleeping_bag_white":1,"minecraft:oak_boat":2,"minecraft:jungle_sapling":5,"minecraft:poppy":2,"minecraft:iron_pickaxe":1,"minecraft:lectern":2,"minecraft:melon_slice":181,"minecraft:sugar_cane":15,"minecraft:chest":3,"minecraft:furnace":3,"iceandfire:dragonbone":10,"minecraft:stick":14,"minecraft:polished_deepslate_slab":2,"minecraft:acacia_fence":6,"minecraft:composter":3,"minecraft:polished_deepslate_stairs":2,"minecraft:torch":4,"minecraft:acacia_log":25,"minecraft:carrot":39,"graveyard:dark_iron_trapdoor":1,"minecraft:arrow":7,"minecraft:rotten_flesh":25,"minecraft:tropical_fish":2,"minecraft:hay_block":10,"minecraft:yellow_terracotta":30,"minecraft:glow_berries":5,"minecraft:bone_block":4,"minecraft:white_wool":4,"minecraft:cobblestone":153,"minecraft:cracked_deepslate_tiles":8,"minecraft:leather_chestplate":1,"minecraft:basalt":8,"minecraft:andesite":24,"minecraft:jungle_log":10,"minecraft:jungle_wood":10,"minecraft:acacia_wood":5,"minecraft:tuff":15,"minecraft:oak_log":20,"minecraft:acacia_boat":2,"minecraft:dirt":419,"minecraft:bone":10,"minecraft:acacia_planks":11,"minecraft:bow":1,"minecraft:wheat_seeds":681,"minecraft:deepslate_brick_slab":1,"minecraft:cobbled_deepslate_slab":3,"minecraft:iron_ingot":19,"minecraft:stone_pickaxe":3,"minecraft:bamboo":66,"minecraft:oak_planks":2,"minecraft:acacia_sapling":6,"minecraft:book":6,"minecraft:pumpkin":2,"graveyard:ossuary":1,"minecraft:amethyst_shard":2,"minecraft:jungle_planks":18,"minecraft:sand":2,"minecraft:grass_block":2,"minecraft:white_bed":1,"minecraft:loom":4,"minecraft:acacia_stairs":2,"naturalist:duck_egg":1,"minecraft:stone_axe":2,"minecraft:writable_book":2,"minecraft:plenty_pottery_sherd":1,"minecraft:oak_sapling":11,"minecraft:melon_seeds":2,"minecraft:coal":13,"iceandfire:raw_silver":3},"minecraft:broken":{"minecraft:iron_shovel":3,"minecraft:iron_pickaxe":1},"minecraft:crafted":{"minecraft:oak_planks":80,"minecraft:barrel":3,"minecraft:oak_sign":6,"minecraft:furnace":4,"minecraft:stone":3,"minecraft:hopper":1,"minecraft:iron_axe":1,"minecraft:iron_hoe":1,"minecraft:stone_pickaxe":2,"minecraft:chest":7,"minecraft:wheat":90,"minecraft:oak_slab":6,"minecraft:crafting_table":6,"minecraft:wooden_pickaxe":1,"minecraft:smithing_table":1,"graveyard:ossuary":1,"minecraft:acacia_button":6,"minecraft:stone_axe":2,"minecraft:acacia_boat":2,"minecraft:bread":74,"minecraft:air":0,"minecraft:jungle_planks":16,"minecraft:oak_boat":1,"minecraft:acacia_sign":6,"minecraft:shield":1,"minecraft:stick":20,"minecraft:iron_ingot":57,"minecraft:iron_pickaxe":2,"minecraft:iron_shovel":2,"minecraft:gold_ingot":13,"minecraft:white_bed":7,"minecraft:acacia_planks":108,"minecraft:torch":4},"minecraft:custom":{"lootr:looted_stat":15,"minecraft:mob_kills":50,"minecraft:interact_with_crafting_table":46,"minecraft:open_barrel":3,"minecraft:bell_ring":17,"minecraft:leave_game":10,"minecraft:time_since_death":221916,"minecraft:climb_one_cm":18343,"minecraft:sprint_one_cm":517366,"minecraft:walk_one_cm":466855,"minecraft:damage_blocked_by_shield":576,"minecraft:drop":77,"minecraft:talked_to_villager":2,"minecraft:play_time":261618,"minecraft:deaths":5,"minecraft:sneak_time":5545,"minecraft:walk_under_water_one_cm":13720,"minecraft:boat_one_cm":143870,"minecraft:jump":3910,"minecraft:walk_on_water_one_cm":30095,"minecraft:total_world_time":261618,"minecraft:interact_with_furnace":21,"minecraft:sleep_in_bed":4,"minecraft:time_since_rest":33756,"minecraft:damage_taken":4475,"minecraft:damage_absorbed":23,"minecraft:trigger_trapped_chest":2,"minecraft:damage_dealt":12055,"minecraft:swim_one_cm":27814,"minecraft:fly_one_cm":724483,"minecraft:open_chest":11,"minecraft:crouch_one_cm":17716,"minecraft:fall_one_cm":118025},"minecraft:used":{"minecraft:iron_shovel":762,"minecraft:oak_sign":6,"minecraft:chest":9,"minecraft:shield":26,"minecraft:iron_sword":270,"minecraft:rotten_flesh":1,"minecraft:torch":4,"minecraft:dirt":305,"minecraft:hopper":1,"minecraft:jungle_planks":2,"minecraft:carrot":60,"minecraft:acacia_button":3,"minecraft:iron_hoe":206,"minecraft:iron_axe":322,"minecraft:grass_block":1,"minecraft:jungle_log":4,"minecraft:barrel":3,"minecraft:basalt":4,"minecraft:furnace":5,"minecraft:acacia_planks":2,"minecraft:cobbled_deepslate":35,"minecraft:iron_leggings":1,"minecraft:wheat_seeds":256,"minecraft:acacia_boat":2,"minecraft:water_bucket":19,"minecraft:stone_pickaxe":116,"minecraft:oak_planks":36,"minecraft:ender_pearl":11,"minecraft:wooden_pickaxe":16,"minecraft:composter":1,"minecraft:sugar_cane":7,"iceandfire:dragon_skull_lightning":1,"graveyard:ossuary":1,"minecraft:golden_apple":1,"minecraft:glow_berries":5,"minecraft:jungle_wood":1,"minecraft:yellow_terracotta":1,"minecraft:crafting_table":11,"minecraft:white_bed":4,"minecraft:acacia_sign":3,"minecraft:bread":14,"minecraft:string":2,"minecraft:iron_pickaxe":640,"minecraft:melon_slice":180,"minecraft:stone_axe":163,"minecraft:cobblestone":77,"travelersbackpack:standard":9,"minecraft:bucket":19,"minecraft:oak_boat":2},"minecraft:dropped":{"minecraft:enchanted_book":1,"minecraft:acacia_wood":2,"minecraft:wheat_seeds":2,"minecraft:loom":4,"minecraft:smithing_table":2,"minecraft:crafting_table":1,"minecraft:diamond_leggings":1,"minecraft:cobblestone":5,"minecraft:jungle_planks":1,"minecraft:grass_block":1,"minecraft:coal":3,"friendsandfoes:totem_of_illusion":1,"minecraft:stick":9,"minecraft:torch":1,"minecraft:melon_slice":1,"minecraft:cracked_deepslate_tiles":8,"minecraft:bone_block":4,"minecraft:iron_leggings":3,"minecraft:jungle_sapling":4,"minecraft:pumpkin":4,"minecraft:iron_pickaxe":1,"minecraft:bucket":2,"minecraft:white_wool":4,"graveyard:dark_iron_trapdoor":1,"minecraft:furnace":1,"minecraft:stone_axe":1,"minecraft:cocoa_beans":12,"minecraft:tuff":15,"minecraft:wheat":97,"minecraft:composter":2,"minecraft:rotten_flesh":31,"minecraft:oak_planks":1,"minecraft:iron_boots":1,"minecraft:white_bed":3,"minecraft:acacia_stairs":1,"minecraft:polished_deepslate_stairs":2,"minecraft:leather_chestplate":2,"minecraft:deepslate_tiles":7,"minecraft:iron_chestplate":2,"minecraft:leather_boots":1,"minecraft:acacia_sapling":1,"minecraft:oak_sapling":3,"minecraft:bamboo":2,"comforts:sleeping_bag_white":1,"minecraft:stone_pickaxe":1,"minecraft:bow":1,"minecraft:wooden_pickaxe":1,"minecraft:cartography_table":1,"minecraft:lectern":2,"minecraft:bread":64,"minecraft:iron_ingot":31},"minecraft:killed":{"graveyard:corrupted_vindicator":3,"minecraft:spider":2,"graveyard:wraith":8,"minecraft:skeleton":6,"graveyard:acolyte":1,"minecraft:drowned":1,"minecraft:husk":2,"minecraft:iron_golem":2,"minecraft:sheep":4,"minecraft:zombie":10,"iceandfire:ghost":2,"graveyard:corrupted_pillager":5},"minecraft:mined":{"minecraft:dark_oak_planks":2,"minecraft:yellow_terracotta":30,"minecraft:deepslate_tiles":11,"minecraft:tuff":24,"minecraft:white_bed":1,"iceandfire:silver_ore":1,"minecraft:jungle_leaves":9,"minecraft:cave_vines_plant":1,"minecraft:cobbled_deepslate_slab":4,"minecraft:acacia_log":25,"minecraft:grass_block":126,"minecraft:decorated_pot":1,"minecraft:jungle_planks":9,"graveyard:tg_deepslate":1,"minecraft:jungle_log":6,"graveyard:dark_iron_door":1,"minecraft:cartography_table":1,"minecraft:composter":3,"minecraft:large_fern":1,"minecraft:hay_block":10,"minecraft:deepslate_brick_slab":1,"minecraft:dead_brain_coral":1,"minecraft:carrots":10,"minecraft:furnace":3,"minecraft:iron_ore":4,"minecraft:fire":1,"minecraft:acacia_wood":3,"minecraft:suspicious_sand":1,"minecraft:acacia_stairs":1,"minecraft:andesite":42,"graveyard:ossuary":1,"minecraft:gold_block":1,"minecraft:bookshelf":5,"minecraft:vine":6,"minecraft:polished_deepslate_slab":2,"minecraft:dirt_path":37,"minecraft:bamboo":4,"minecraft:stone":133,"minecraft:bone_block":4,"minecraft:tripwire":2,"minecraft:acacia_leaves":10,"minecraft:blackstone":2,"graveyard:dark_iron_trapdoor":1,"minecraft:melon_stem":2,"minecraft:polished_deepslate_stairs":2,"minecraft:basalt":5,"graveyard:small_light_gray_urn":1,"minecraft:clay":18,"minecraft:crafting_table":6,"minecraft:torch":1,"minecraft:calcite":1,"minecraft:melon":32,"minecraft:chest":3,"minecraft:lectern":3,"minecraft:tall_grass":18,"minecraft:cobblestone":1,"minecraft:oak_planks":1,"minecraft:sugar_cane":10,"minecraft:amethyst_block":2,"minecraft:diorite":21,"minecraft:wall_torch":1,"minecraft:jungle_wood":9,"minecraft:wheat":262,"minecraft:grass":93,"minecraft:cracked_deepslate_tiles":2,"minecraft:oak_log":20,"minecraft:coal_ore":11,"minecraft:acacia_fence":6,"minecraft:loom":2,"minecraft:sand":2,"minecraft:dirt":248,"minecraft:cobweb":2,"minecraft:smooth_basalt":1,"minecraft:acacia_planks":13,"minecraft:oak_leaves":10,"minecraft:deepslate":50,"minecraft:fern":9}},"DataVersion":3465}