{"stats":{"minecraft:dropped":{"minecraft:iron_ingot":31,"minecraft:acacia_wood":2,"minecraft:wheat_seeds":2,"minecraft:loom":4,"minecraft:crafting_table":1,"minecraft:diamond_leggings":1,"minecraft:cobblestone":5,"minecraft:jungle_planks":1,"minecraft:grass_block":1,"minecraft:coal":3,"minecraft:stick":9,"minecraft:torch":1,"minecraft:cracked_deepslate_tiles":8,"minecraft:iron_leggings":3,"minecraft:jungle_sapling":4,"minecraft:pumpkin":4,"minecraft:bone_block":4,"minecraft:iron_pickaxe":1,"minecraft:bucket":2,"graveyard:dark_iron_trapdoor":1,"minecraft:furnace":1,"minecraft:stone_axe":1,"minecraft:cocoa_beans":12,"minecraft:tuff":15,"minecraft:wheat":5,"minecraft:composter":2,"minecraft:rotten_flesh":31,"minecraft:iron_boots":1,"minecraft:polished_deepslate_stairs":2,"minecraft:leather_chestplate":2,"minecraft:deepslate_tiles":7,"minecraft:iron_chestplate":2,"minecraft:leather_boots":1,"minecraft:acacia_sapling":1,"minecraft:oak_sapling":3,"minecraft:bamboo":2,"minecraft:wooden_pickaxe":1,"minecraft:bow":1,"minecraft:stone_pickaxe":1,"minecraft:cartography_table":1,"minecraft:lectern":2},"minecraft:killed_by":{"minecraft:husk":2,"minecraft:player":1,"minecraft:skeleton":1,"minecraft:zombie":1},"minecraft:used":{"minecraft:iron_shovel":504,"minecraft:chest":2,"minecraft:shield":25,"minecraft:iron_sword":202,"minecraft:torch":4,"minecraft:dirt":104,"minecraft:jungle_planks":2,"minecraft:iron_hoe":99,"minecraft:grass_block":1,"minecraft:iron_axe":122,"minecraft:jungle_log":4,"minecraft:basalt":4,"minecraft:furnace":4,"minecraft:acacia_planks":2,"minecraft:cobbled_deepslate":35,"minecraft:iron_leggings":1,"minecraft:wheat_seeds":121,"minecraft:water_bucket":14,"minecraft:stone_pickaxe":116,"minecraft:oak_planks":12,"minecraft:ender_pearl":10,"minecraft:wooden_pickaxe":16,"minecraft:composter":1,"minecraft:sugar_cane":7,"iceandfire:dragon_skull_lightning":1,"graveyard:ossuary":1,"minecraft:golden_apple":1,"minecraft:jungle_wood":1,"minecraft:glow_berries":5,"minecraft:crafting_table":10,"minecraft:melon_slice":138,"minecraft:bread":8,"minecraft:string":2,"minecraft:iron_pickaxe":480,"minecraft:stone_axe":163,"minecraft:cobblestone":77,"travelersbackpack:standard":9,"minecraft:bucket":15,"minecraft:oak_boat":2},"minecraft:custom":{"lootr:looted_stat":14,"minecraft:mob_kills":39,"minecraft:interact_with_crafting_table":24,"minecraft:open_barrel":3,"minecraft:bell_ring":17,"minecraft:leave_game":5,"minecraft:time_since_death":129381,"minecraft:climb_one_cm":15642,"minecraft:sprint_one_cm":361281,"minecraft:walk_one_cm":295810,"minecraft:damage_blocked_by_shield":541,"minecraft:drop":62,"minecraft:talked_to_villager":2,"minecraft:play_time":169083,"minecraft:deaths":5,"minecraft:sneak_time":2580,"minecraft:walk_under_water_one_cm":13513,"minecraft:boat_one_cm":143826,"minecraft:jump":2939,"minecraft:walk_on_water_one_cm":25028,"minecraft:total_world_time":169083,"minecraft:interact_with_furnace":17,"minecraft:sleep_in_bed":2,"minecraft:time_since_rest":17919,"minecraft:damage_taken":3690,"minecraft:damage_absorbed":23,"minecraft:trigger_trapped_chest":2,"minecraft:damage_dealt":8861,"minecraft:swim_one_cm":27814,"minecraft:fly_one_cm":516668,"minecraft:open_chest":4,"minecraft:crouch_one_cm":6681,"minecraft:fall_one_cm":88844},"minecraft:mined":{"minecraft:dark_oak_planks":2,"minecraft:deepslate_tiles":11,"minecraft:tuff":24,"iceandfire:silver_ore":1,"minecraft:jungle_leaves":9,"minecraft:cave_vines_plant":1,"minecraft:cobbled_deepslate_slab":1,"minecraft:acacia_log":3,"minecraft:grass_block":90,"minecraft:decorated_pot":1,"minecraft:jungle_planks":9,"graveyard:tg_deepslate":1,"minecraft:jungle_log":6,"graveyard:dark_iron_door":1,"minecraft:cartography_table":1,"minecraft:composter":3,"minecraft:hay_block":10,"minecraft:deepslate_brick_slab":1,"minecraft:furnace":3,"minecraft:iron_ore":4,"minecraft:fire":1,"minecraft:acacia_wood":2,"minecraft:suspicious_sand":1,"minecraft:acacia_stairs":1,"graveyard:ossuary":1,"minecraft:gold_block":1,"minecraft:dirt_path":35,"minecraft:bookshelf":5,"minecraft:vine":6,"minecraft:bamboo":4,"minecraft:stone":133,"minecraft:bone_block":4,"minecraft:tripwire":2,"minecraft:acacia_leaves":6,"minecraft:blackstone":2,"minecraft:polished_deepslate_stairs":2,"graveyard:dark_iron_trapdoor":1,"minecraft:basalt":5,"graveyard:small_light_gray_urn":1,"minecraft:clay":18,"minecraft:crafting_table":6,"minecraft:torch":1,"minecraft:melon":30,"minecraft:calcite":1,"minecraft:lectern":3,"minecraft:tall_grass":6,"minecraft:sugar_cane":3,"minecraft:diorite":21,"minecraft:wall_torch":1,"minecraft:amethyst_block":2,"minecraft:jungle_wood":9,"minecraft:wheat":63,"minecraft:grass":39,"minecraft:cracked_deepslate_tiles":2,"minecraft:coal_ore":11,"minecraft:oak_log":10,"minecraft:loom":2,"minecraft:dirt":171,"minecraft:cobweb":2,"minecraft:smooth_basalt":1,"minecraft:acacia_planks":4,"minecraft:oak_leaves":8,"minecraft:deepslate":50,"minecraft:fern":9},"minecraft:killed":{"graveyard:corrupted_vindicator":3,"minecraft:spider":2,"graveyard:wraith":8,"minecraft:skeleton":5,"graveyard:acolyte":1,"minecraft:drowned":1,"minecraft:husk":2,"iceandfire:ghost":2,"minecraft:zombie":8,"graveyard:corrupted_pillager":5},"minecraft:crafted":{"minecraft:oak_planks":40,"minecraft:furnace":2,"minecraft:iron_axe":1,"minecraft:iron_hoe":1,"minecraft:stone_pickaxe":2,"minecraft:chest":2,"minecraft:wheat":90,"minecraft:crafting_table":5,"minecraft:wooden_pickaxe":1,"graveyard:ossuary":1,"minecraft:stone_axe":2,"minecraft:bread":46,"minecraft:jungle_planks":16,"minecraft:air":0,"minecraft:oak_boat":1,"minecraft:shield":1,"minecraft:stick":20,"minecraft:iron_ingot":57,"minecraft:iron_pickaxe":2,"minecraft:iron_shovel":1,"minecraft:gold_ingot":13,"minecraft:acacia_planks":16,"minecraft:torch":4},"minecraft:broken":{"minecraft:iron_shovel":2,"minecraft:iron_pickaxe":1},"minecraft:picked_up":{"iceandfire:dragon_skull_lightning":6,"minecraft:cocoa_beans":18,"minecraft:crafting_table":9,"minecraft:iron_chestplate":1,"minecraft:wheat":58,"minecraft:clay_ball":76,"minecraft:wooden_pickaxe":5,"minecraft:brick":3,"minecraft:string":5,"minecraft:flint_and_steel":1,"minecraft:iron_leggings":1,"graveyard:corruption":10,"minecraft:diamond_leggings":1,"minecraft:deepslate_tiles":7,"minecraft:cartography_table":1,"minecraft:cobbled_deepslate":43,"minecraft:bucket":1,"minecraft:oak_boat":2,"minecraft:jungle_sapling":5,"minecraft:iron_pickaxe":1,"minecraft:lectern":2,"minecraft:melon_slice":170,"minecraft:sugar_cane":7,"minecraft:furnace":3,"minecraft:stick":9,"iceandfire:dragonbone":10,"minecraft:composter":3,"minecraft:polished_deepslate_stairs":2,"minecraft:torch":2,"minecraft:acacia_log":3,"graveyard:dark_iron_trapdoor":1,"minecraft:arrow":5,"minecraft:rotten_flesh":24,"minecraft:tropical_fish":2,"minecraft:hay_block":10,"minecraft:glow_berries":5,"minecraft:bone_block":4,"minecraft:cobblestone":152,"minecraft:cracked_deepslate_tiles":8,"minecraft:leather_chestplate":1,"minecraft:basalt":8,"minecraft:jungle_log":10,"minecraft:jungle_wood":10,"minecraft:acacia_wood":4,"minecraft:tuff":15,"minecraft:oak_log":10,"minecraft:dirt":306,"minecraft:bone":10,"minecraft:acacia_planks":1,"minecraft:bow":1,"minecraft:deepslate_brick_slab":1,"minecraft:wheat_seeds":189,"minecraft:cobbled_deepslate_slab":1,"minecraft:iron_ingot":8,"minecraft:stone_pickaxe":3,"minecraft:bamboo":66,"minecraft:acacia_sapling":1,"minecraft:book":6,"minecraft:pumpkin":2,"graveyard:ossuary":1,"minecraft:jungle_planks":18,"minecraft:grass_block":2,"minecraft:loom":4,"minecraft:acacia_stairs":1,"minecraft:stone_axe":2,"minecraft:writable_book":2,"minecraft:plenty_pottery_sherd":1,"minecraft:oak_sapling":10,"minecraft:coal":13,"iceandfire:raw_silver":3}},"DataVersion":3465}