{"stats":{"minecraft:used":{"minecraft:shield":23,"minecraft:iron_sword":131,"minecraft:dirt":18,"minecraft:jungle_planks":2,"minecraft:iron_axe":52,"minecraft:jungle_log":4,"minecraft:basalt":4,"minecraft:furnace":3,"minecraft:cobbled_deepslate":35,"minecraft:iron_leggings":1,"minecraft:water_bucket":8,"minecraft:stone_pickaxe":116,"minecraft:oak_planks":12,"minecraft:ender_pearl":7,"minecraft:wooden_pickaxe":16,"iceandfire:dragon_skull_lightning":1,"graveyard:ossuary":1,"minecraft:glow_berries":5,"minecraft:golden_apple":1,"minecraft:jungle_wood":1,"minecraft:crafting_table":8,"minecraft:melon_slice":104,"minecraft:bread":8,"minecraft:iron_pickaxe":470,"minecraft:stone_axe":163,"minecraft:cobblestone":73,"travelersbackpack:standard":7,"minecraft:bucket":9,"minecraft:oak_boat":2},"minecraft:killed_by":{"minecraft:husk":2,"minecraft:player":1,"minecraft:skeleton":1,"minecraft:zombie":1},"minecraft:broken":{"minecraft:iron_pickaxe":1},"minecraft:picked_up":{"iceandfire:dragon_skull_lightning":6,"minecraft:crafting_table":9,"minecraft:cocoa_beans":18,"minecraft:iron_chestplate":1,"minecraft:clay_ball":64,"minecraft:wooden_pickaxe":5,"minecraft:string":1,"minecraft:flint_and_steel":1,"minecraft:iron_leggings":1,"graveyard:corruption":10,"minecraft:diamond_leggings":1,"minecraft:deepslate_tiles":7,"minecraft:cobbled_deepslate":43,"minecraft:bucket":1,"minecraft:oak_boat":2,"minecraft:jungle_sapling":5,"minecraft:iron_pickaxe":1,"minecraft:lectern":2,"minecraft:melon_slice":107,"minecraft:furnace":3,"minecraft:stick":9,"iceandfire:dragonbone":10,"minecraft:polished_deepslate_stairs":2,"graveyard:dark_iron_trapdoor":1,"minecraft:rotten_flesh":21,"minecraft:arrow":4,"minecraft:tropical_fish":2,"minecraft:glow_berries":5,"minecraft:bone_block":4,"minecraft:cobblestone":149,"minecraft:cracked_deepslate_tiles":8,"minecraft:leather_chestplate":1,"minecraft:basalt":8,"minecraft:jungle_log":10,"minecraft:jungle_wood":10,"minecraft:acacia_wood":3,"minecraft:tuff":15,"minecraft:oak_log":10,"minecraft:dirt":28,"minecraft:bone":8,"minecraft:bow":1,"minecraft:wheat_seeds":6,"minecraft:stone_pickaxe":3,"minecraft:bamboo":66,"minecraft:book":6,"minecraft:pumpkin":2,"graveyard:ossuary":1,"minecraft:jungle_planks":18,"minecraft:loom":4,"minecraft:stone_axe":2,"minecraft:writable_book":2,"minecraft:oak_sapling":10,"minecraft:coal":13,"iceandfire:raw_silver":3},"minecraft:mined":{"minecraft:dark_oak_planks":2,"minecraft:deepslate_tiles":11,"minecraft:tuff":24,"iceandfire:silver_ore":1,"minecraft:jungle_leaves":9,"minecraft:cave_vines_plant":1,"minecraft:grass_block":3,"minecraft:jungle_planks":9,"minecraft:jungle_log":6,"graveyard:tg_deepslate":1,"graveyard:dark_iron_door":1,"minecraft:furnace":3,"minecraft:iron_ore":4,"minecraft:fire":1,"minecraft:acacia_wood":2,"graveyard:ossuary":1,"minecraft:gold_block":1,"minecraft:bookshelf":5,"minecraft:vine":6,"minecraft:bamboo":4,"minecraft:stone":130,"minecraft:bone_block":4,"minecraft:acacia_leaves":2,"minecraft:blackstone":2,"graveyard:dark_iron_trapdoor":1,"minecraft:polished_deepslate_stairs":2,"minecraft:basalt":5,"graveyard:small_light_gray_urn":1,"minecraft:clay":14,"minecraft:crafting_table":6,"minecraft:calcite":1,"minecraft:melon":18,"minecraft:lectern":3,"minecraft:diorite":21,"minecraft:amethyst_block":2,"minecraft:jungle_wood":9,"minecraft:grass":21,"minecraft:cracked_deepslate_tiles":2,"minecraft:coal_ore":11,"minecraft:oak_log":10,"minecraft:dirt":8,"minecraft:loom":2,"minecraft:cobweb":2,"minecraft:smooth_basalt":1,"minecraft:oak_leaves":8,"minecraft:deepslate":50,"minecraft:fern":9},"minecraft:dropped":{"minecraft:acacia_wood":1,"minecraft:wheat_seeds":2,"minecraft:loom":4,"minecraft:crafting_table":1,"minecraft:diamond_leggings":1,"minecraft:cobblestone":5,"minecraft:jungle_planks":1,"minecraft:coal":3,"minecraft:stick":9,"minecraft:cracked_deepslate_tiles":8,"minecraft:jungle_sapling":4,"minecraft:bone_block":4,"minecraft:pumpkin":4,"minecraft:iron_pickaxe":1,"minecraft:bucket":2,"graveyard:dark_iron_trapdoor":1,"minecraft:furnace":1,"minecraft:stone_axe":1,"minecraft:cocoa_beans":12,"minecraft:tuff":15,"minecraft:wheat":5,"minecraft:rotten_flesh":31,"minecraft:iron_boots":1,"minecraft:polished_deepslate_stairs":2,"minecraft:leather_chestplate":2,"minecraft:deepslate_tiles":6,"minecraft:leather_boots":1,"minecraft:oak_sapling":3,"minecraft:bamboo":2,"minecraft:bow":1,"minecraft:stone_pickaxe":1,"minecraft:wooden_pickaxe":1},"minecraft:killed":{"graveyard:corrupted_vindicator":3,"minecraft:spider":1,"graveyard:wraith":8,"minecraft:skeleton":3,"graveyard:acolyte":1,"minecraft:drowned":1,"minecraft:husk":2,"minecraft:zombie":5,"graveyard:corrupted_pillager":5},"minecraft:crafted":{"minecraft:oak_planks":40,"minecraft:furnace":2,"minecraft:iron_axe":1,"minecraft:stone_pickaxe":2,"minecraft:crafting_table":5,"minecraft:wooden_pickaxe":1,"graveyard:ossuary":1,"minecraft:stone_axe":2,"minecraft:jungle_planks":16,"minecraft:air":0,"minecraft:oak_boat":1,"minecraft:shield":1,"minecraft:stick":12,"minecraft:iron_ingot":57,"minecraft:iron_pickaxe":1,"minecraft:gold_ingot":13,"minecraft:acacia_planks":4,"minecraft:torch":4},"minecraft:custom":{"lootr:looted_stat":9,"minecraft:mob_kills":31,"minecraft:interact_with_crafting_table":16,"minecraft:open_barrel":3,"minecraft:leave_game":4,"minecraft:time_since_death":85833,"minecraft:climb_one_cm":15642,"minecraft:sprint_one_cm":219887,"minecraft:walk_one_cm":177418,"minecraft:damage_blocked_by_shield":451,"minecraft:drop":48,"minecraft:play_time":125535,"minecraft:deaths":5,"minecraft:sneak_time":2341,"minecraft:walk_under_water_one_cm":13254,"minecraft:boat_one_cm":143826,"minecraft:jump":2070,"minecraft:walk_on_water_one_cm":17032,"minecraft:total_world_time":125535,"minecraft:interact_with_furnace":16,"minecraft:sleep_in_bed":1,"minecraft:time_since_rest":2040,"minecraft:damage_taken":3410,"minecraft:damage_absorbed":23,"minecraft:damage_dealt":7102,"minecraft:swim_one_cm":26304,"minecraft:fly_one_cm":300954,"minecraft:open_chest":1,"minecraft:crouch_one_cm":5646,"minecraft:fall_one_cm":59236}},"DataVersion":3465}