{"stats":{"minecraft:killed":{"minecraft:cave_spider":1,"born_in_chaos_v1:diamond_termite":2,"minecraft:spider":1,"minecraft:skeleton":2,"born_in_chaos_v1:zombie_bruiser":1,"born_in_chaos_v1:scarlet_persecutor":2,"born_in_chaos_v1:maggot":3,"minecraft:sheep":4,"minecraft:pillager":3,"minecraft:zombie":6,"born_in_chaos_v1:corpse_fly":6,"minecraft:stray":1,"majruszsdifficulty:creeperling":1,"ecologics:coconut_crab":1,"minecraft:cow":3},"minecraft:mined":{"minecraft:white_bed":1,"ecologics:coconut_planks":2,"minecraft:deepslate_diamond_ore":1,"minecraft:crafting_table":6,"minecraft:torch":2,"minecraft:granite":3,"minecraft:grass_block":1,"minecraft:tall_grass":5,"minecraft:wall_torch":6,"environmental:giant_tall_grass":5,"minecraft:furnace":1,"ecologics:seashell":1,"minecraft:iron_ore":15,"iter_rpg:void_quartz":1,"minecraft:andesite":2,"treechop:chopped_log":6,"minecraft:grass":21,"minecraft:coal_ore":8,"minecraft:deepslate_iron_ore":4,"delightful:mini_melon":42,"ecologics:walnut_log":1,"minecraft:stone":33,"create:veridium":2,"minecraft:deepslate":25},"minecraft:broken":{"minecraft:stone_axe":1},"minecraft:killed_by":{"minecraft:player":1,"born_in_chaos_v1:diamond_termite":2,"alexsmobs:centipede_head":1,"born_in_chaos_v1:bloody_gadfly":1,"minecraft:skeleton":4,"minecraft:creeper":1,"minecraft:pillager":1,"born_in_chaos_v1:zombie_bruiser":2,"born_in_chaos_v1:scarlet_persecutor":5,"born_in_chaos_v1:door_knight":1},"minecraft:crafted":{"minecraft:crafting_table":2,"ecologics:coconut_planks":36,"minecraft:melon_slice":120,"minecraft:wooden_pickaxe":1,"ecologics:walnut_planks":16,"minecraft:furnace":1,"minecraft:bucket":1,"minecraft:birch_planks":24,"minecraft:stone_axe":2,"minecraft:air":0,"minecraft:shield":1,"minecraft:iron_ingot":14,"minecraft:iron_pickaxe":1,"minecraft:stone_pickaxe":1,"minecraft:stone_sword":1,"minecraft:white_bed":1},"minecraft:dropped":{"minecraft:oak_log":4,"ecologics:coconut_seedling":1,"minecraft:birch_sapling":2,"minecraft:cobblestone":6,"ecologics:walnut_sapling":7,"minecraft:oak_planks":1,"minecraft:granite":3,"autumnity:maple_sapling":6,"minecraft:coal":3,"minecraft:stick":5,"ecologics:walnut_planks":6,"minecraft:dirt":1,"create:veridium":2,"bakery:strawberry_seeds":2,"minecraft:torch":320,"minecraft:andesite":1,"born_in_chaos_v1:corpse_maggot":6,"minecraft:melon_slice":14,"ecologics:coconut_husk":6,"minecraft:oak_sapling":4,"minecraft:spider_eye":1,"minecraft:wooden_pickaxe":1,"ecologics:seashell":1},"minecraft:custom":{"enigmaticlegacy:play_time_with_seven_curses":0,"minecraft:interact_with_furnace":10,"minecraft:mob_kills":34,"enigmaticlegacy:play_time_without_seven_curses":99430,"minecraft:interact_with_crafting_table":14,"minecraft:leave_game":6,"minecraft:time_since_death":1289,"minecraft:sleep_in_bed":1,"minecraft:time_since_rest":1334,"minecraft:waystone_activated":1,"minecraft:sprint_one_cm":195550,"minecraft:damage_taken":6742,"minecraft:walk_one_cm":153598,"minecraft:drop":31,"minecraft:damage_dealt":7003,"minecraft:swim_one_cm":6968,"minecraft:fly_one_cm":426763,"minecraft:crouch_one_cm":711,"minecraft:play_time":100529,"minecraft:deaths":20,"minecraft:sneak_time":340,"minecraft:walk_under_water_one_cm":5500,"minecraft:jump":1754,"minecraft:walk_on_water_one_cm":9665,"minecraft:total_world_time":100529,"minecraft:fall_one_cm":52883},"minecraft:used":{"minecraft:water_bucket":1,"minecraft:stone_sword":83,"minecraft:birch_planks":7,"minecraft:stone_pickaxe":75,"minecraft:wooden_pickaxe":4,"ecologics:coconut_planks":29,"minecraft:torch":7,"minecraft:crafting_table":7,"minecraft:white_bed":1,"minecraft:melon_slice":85,"minecraft:iron_pickaxe":18,"minecraft:stone_axe":125,"ecologics:coconut_slice":8,"minecraft:cobblestone":5,"minecraft:furnace":1,"minecraft:bucket":1},"minecraft:picked_up":{"minecraft:birch_log":6,"born_in_chaos_v1:corpse_maggot":6,"born_in_chaos_v1:diamond_termite_shard":2,"minecraft:crafting_table":6,"ecologics:walnut":13,"minecraft:glow_ink_sac":3,"minecraft:andesite":3,"ecologics:coconut_planks":3,"minecraft:leather":3,"ecologics:seashell":2,"bakery:strawberry_seeds":2,"minecraft:oak_log":4,"minecraft:dirt":1,"minecraft:string":5,"minecraft:sticky_piston":4,"ecologics:walnut_sapling":7,"delightful:mini_melon":48,"minecraft:wheat_seeds":4,"minecraft:beef":7,"minecraft:birch_sapling":2,"minecraft:oak_planks":1,"ecologics:crab_claw":1,"minecraft:furnace":1,"minecraft:stick":17,"minecraft:raw_iron":20,"ecologics:walnut_log":4,"ecologics:coconut_slice":8,"minecraft:torch":135,"born_in_chaos_v1:ethereal_spirit":1,"ecologics:coconut_seedling":1,"ecologics:coconut_husk":1,"minecraft:white_bed":1,"minecraft:spider_eye":1,"minecraft:rotten_flesh":9,"minecraft:slime_ball":2,"minecraft:diamond":1,"autumnity:maple_sapling":6,"ecologics:coconut_log":9,"minecraft:granite":3,"create:veridium":2,"minecraft:oak_sapling":4,"minecraft:mutton":5,"minecraft:coal":7,"minecraft:white_wool":4,"minecraft:cobblestone":34}},"DataVersion":3120}