{"stats":{"minecraft:crafted":{"minecraft:crafting_table":1,"minecraft:spruce_planks":16,"minecraft:stick":4},"minecraft:custom":{"minecraft:jump":109,"minecraft:time_since_rest":12523,"enigmaticlegacy:play_time_with_seven_curses":0,"minecraft:crouch_one_cm":12,"minecraft:leave_game":3,"minecraft:play_time":12523,"minecraft:sprint_one_cm":11947,"minecraft:damage_taken":30,"minecraft:time_since_death":12523,"minecraft:walk_one_cm":13898,"minecraft:sneak_time":16,"enigmaticlegacy:play_time_without_seven_curses":10029,"minecraft:total_world_time":12523,"minecraft:interact_with_crafting_table":1,"minecraft:fall_one_cm":4004,"minecraft:fly_one_cm":19999},"minecraft:used":{"minecraft:crafting_table":1,"minecraft:spruce_sapling":1},"minecraft:picked_up":{"minecraft:spruce_sapling":1,"minecraft:spruce_log":4}},"DataVersion":3120}