{"stats":{"minecraft:killed_by":{"minecraft:husk":2,"minecraft:zombie":1,"creeperoverhaul:jungle_creeper":1,"iceandfire:ghost":2},"minecraft:picked_up":{"minecraft:crafting_table":14,"minecraft:iron_chestplate":3,"graveyard:dark_iron_ingot":2,"minecraft:wooden_pickaxe":4,"minecraft:iron_leggings":4,"minecraft:blackstone":116,"graveyard:corruption":20,"minecraft:deepslate_tiles":4,"minecraft:cobbled_deepslate":94,"iceandfire:myrmex_desert_resin":3,"minecraft:melon_slice":173,"minecraft:furnace":2,"iceandfire:pixie_dust":2,"minecraft:dark_oak_sapling":3,"minecraft:stick":2,"minecraft:raw_iron":175,"minecraft:torch":36,"minecraft:acacia_log":9,"minecraft:spruce_fence":1,"minecraft:diorite":5,"minecraft:warped_planks":4,"minecraft:arrow":3,"minecraft:rotten_flesh":13,"minecraft:deepslate_bricks":5,"minecraft:hay_block":102,"minecraft:cracked_deepslate_bricks":3,"minecraft:glow_berries":33,"minecraft:cobblestone":252,"minecraft:magma_block":2,"minecraft:andesite":39,"minecraft:jungle_log":4,"minecraft:jungle_wood":2,"graveyard:spruce_coffin":1,"minecraft:gunpowder":4,"minecraft:lapis_lazuli":39,"minecraft:dirt":6,"minecraft:bone":12,"minecraft:wheat_seeds":2,"minecraft:raw_gold":58,"minecraft:iron_ingot":36,"minecraft:stone_pickaxe":2,"minecraft:moss_block":3,"minecraft:flowering_azalea":4,"minecraft:smooth_basalt":7,"minecraft:pitcher_plant":1,"graveyard:bone_dagger":1,"minecraft:gravel":1,"minecraft:lava_bucket":1,"minecraft:jungle_planks":57,"minecraft:diamond":65,"minecraft:stone_axe":3,"minecraft:emerald":1,"minecraft:melon_seeds":3,"minecraft:dark_oak_fence":1,"minecraft:coal":163,"iceandfire:raw_silver":8},"minecraft:broken":{"minecraft:stone_pickaxe":1,"minecraft:iron_pickaxe":5},"minecraft:crafted":{"minecraft:furnace":1,"minecraft:diamond_helmet":2,"minecraft:diamond_leggings":2,"minecraft:iron_axe":2,"minecraft:iron_hoe":1,"minecraft:stone_pickaxe":1,"minecraft:diamond_boots":2,"minecraft:wheat":918,"minecraft:diamond_sword":1,"iceandfire:silver_ingot":3,"minecraft:diamond_axe":1,"minecraft:crafting_table":3,"minecraft:jungle_boat":1,"minecraft:wooden_pickaxe":1,"minecraft:bucket":2,"minecraft:stone_axe":1,"minecraft:bread":306,"minecraft:air":0,"minecraft:jungle_planks":24,"minecraft:iron_chestplate":1,"minecraft:diamond_pickaxe":2,"minecraft:stick":36,"minecraft:iron_ingot":116,"minecraft:iron_pickaxe":4,"minecraft:iron_shovel":1,"minecraft:acacia_planks":36,"minecraft:torch":8,"minecraft:diamond_chestplate":2},"minecraft:custom":{"lootr:looted_stat":4,"minecraft:mob_kills":82,"minecraft:interact_with_crafting_table":32,"minecraft:leave_game":4,"minecraft:time_since_death":78730,"minecraft:climb_one_cm":10368,"minecraft:sprint_one_cm":437724,"minecraft:walk_one_cm":396876,"minecraft:drop":51,"minecraft:play_time":191914,"minecraft:sneak_time":13023,"minecraft:deaths":6,"minecraft:walk_under_water_one_cm":37755,"minecraft:boat_one_cm":67172,"minecraft:interact_with_lectern":1,"minecraft:jump":4052,"minecraft:walk_on_water_one_cm":36676,"minecraft:total_world_time":191914,"minecraft:interact_with_furnace":31,"minecraft:sleep_in_bed":1,"minecraft:time_since_rest":76176,"minecraft:damage_taken":4771,"minecraft:damage_absorbed":40,"minecraft:trigger_trapped_chest":5,"minecraft:damage_dealt":18812,"minecraft:swim_one_cm":56344,"minecraft:fly_one_cm":632503,"minecraft:open_chest":12,"minecraft:crouch_one_cm":29283,"minecraft:fall_one_cm":104786},"minecraft:used":{"minecraft:moss_block":1,"minecraft:cracked_deepslate_bricks":2,"minecraft:torch":31,"minecraft:dirt":6,"minecraft:spruce_fence":1,"minecraft:milk_bucket":1,"minecraft:iron_hoe":104,"minecraft:lava_bucket":3,"minecraft:iron_axe":211,"minecraft:melon_seeds":3,"minecraft:smooth_basalt":7,"minecraft:magma_block":2,"minecraft:furnace":2,"minecraft:cobbled_deepslate":93,"minecraft:water_bucket":134,"simplyswords:diamond_katana":93,"minecraft:stone_pickaxe":135,"minecraft:blackstone":71,"minecraft:ender_pearl":2,"minecraft:wooden_pickaxe":8,"minecraft:deepslate_bricks":3,"minecraft:jungle_boat":1,"minecraft:golden_apple":1,"minecraft:glow_berries":15,"minecraft:crafting_table":15,"minecraft:diamond_pickaxe":497,"minecraft:bread":23,"minecraft:melon_slice":154,"minecraft:iron_pickaxe":1084,"minecraft:gravel":1,"minecraft:stone_axe":90,"minecraft:cobblestone":101,"minecraft:bucket":139,"minecraft:andesite":39},"minecraft:dropped":{"minecraft:iron_ingot":8,"iceandfire:raw_silver":2,"minecraft:moss_block":2,"minecraft:wheat_seeds":1,"minecraft:dark_oak_sapling":3,"minecraft:cobblestone":1,"minecraft:glow_berries":5,"minecraft:jungle_planks":5,"minecraft:stick":3,"minecraft:diorite":4,"minecraft:dark_oak_fence":1,"minecraft:melon_slice":6,"minecraft:iron_leggings":1,"minecraft:flowering_azalea":4,"minecraft:iron_axe":1,"minecraft:stone_axe":2,"minecraft:blackstone":1,"minecraft:pitcher_plant":1,"minecraft:cobbled_deepslate":1,"graveyard:dark_iron_ingot":2,"minecraft:rotten_flesh":12,"minecraft:warped_planks":4,"minecraft:deepslate_bricks":2,"minecraft:deepslate_tiles":4,"graveyard:spruce_coffin":1,"minecraft:iron_chestplate":2,"minecraft:leather_leggings":1,"minecraft:wooden_pickaxe":3,"minecraft:cracked_deepslate_bricks":1},"minecraft:killed":{"graveyard:corrupted_vindicator":10,"minecraft:vindicator":1,"graveyard:wraith":10,"minecraft:skeleton":12,"graveyard:acolyte":5,"minecraft:drowned":6,"minecraft:husk":1,"minecraft:creeper":5,"iceandfire:myrmex_soldier":1,"minecraft:zombie":16,"iceandfire:ghost":4,"iceandfire:pixie":1,"graveyard:corrupted_pillager":7,"minecraft:enderman":1,"minecraft:cow":2},"minecraft:mined":{"minecraft:deepslate_tiles":2,"minecraft:attached_melon_stem":1,"iceandfire:silver_ore":4,"minecraft:deepslate_diamond_ore":53,"minecraft:cave_vines_plant":27,"minecraft:dark_oak_fence":1,"minecraft:acacia_log":9,"minecraft:spruce_fence":1,"minecraft:grass_block":4,"graveyard:tg_deepslate":2,"minecraft:jungle_log":4,"iceandfire:deepslate_silver_ore":1,"minecraft:deepslate_bricks":4,"minecraft:moss_block":4,"minecraft:spawner":1,"minecraft:hay_block":104,"minecraft:magma_block":2,"minecraft:furnace":2,"minecraft:iron_ore":70,"minecraft:fire":13,"minecraft:cobbled_deepslate":6,"graveyard:leaning_wither_skeleton":1,"minecraft:andesite":39,"minecraft:vine":1,"minecraft:cave_vines":53,"minecraft:deepslate_iron_ore":85,"minecraft:stone":166,"minecraft:acacia_leaves":7,"minecraft:blackstone":111,"minecraft:basalt":1,"minecraft:crafting_table":13,"minecraft:torch":12,"minecraft:melon":38,"minecraft:cobblestone":2,"minecraft:tall_grass":4,"minecraft:deepslate_coal_ore":8,"minecraft:deepslate_gold_ore":43,"minecraft:lapis_ore":6,"minecraft:cracked_deepslate_bricks":2,"minecraft:diorite":6,"minecraft:wall_torch":11,"minecraft:jungle_wood":2,"minecraft:warped_planks":2,"minecraft:pitcher_plant":1,"minecraft:grass":21,"minecraft:coal_ore":122,"minecraft:gravel":1,"minecraft:dirt":5,"minecraft:cobweb":2,"minecraft:smooth_basalt":7,"minecraft:gold_ore":9,"minecraft:deepslate":94,"minecraft:fern":7}},"DataVersion":3465}