{"stats":{"minecraft:killed":{"born_in_chaos_v1:swarmer":1,"minecraft:spider":1,"minecraft:creeper":1,"naturalist:coral_snake":1,"minecraft:skeleton":1,"minecraft:pillager":2,"minecraft:zombie":4,"born_in_chaos_v1:corpse_fly":5,"minecraft:cow":4},"minecraft:mined":{"minecraft:kelp_plant":1,"upgrade_aquatic:tall_beachgrass":1,"minecraft:crafting_table":4,"minecraft:torch":2,"minecraft:grass_block":3,"minecraft:wall_torch":3,"treechop:chopped_log":12,"minecraft:grass":3,"minecraft:oak_log":5,"minecraft:coal_ore":4,"bakery:strawberry_taiga":2,"delightful:mini_melon":2,"minecraft:dirt":7,"upgrade_aquatic:beachgrass":4,"minecraft:stone":28,"minecraft:oak_leaves":4},"minecraft:broken":{"minecraft:stone_axe":1},"minecraft:killed_by":{"minecraft:vindicator":1,"minecraft:skeleton":1,"minecraft:creeper":2,"minecraft:pillager":2,"born_in_chaos_v1:scarlet_persecutor":1,"born_in_chaos_v1:corpse_fly":2,"alexsmobs:cachalot_whale":1},"minecraft:dropped":{"minecraft:rotten_flesh":2,"minecraft:dirt":2,"bakery:strawberry_seeds":1,"minecraft:oak_sapling":4,"minecraft:wooden_pickaxe":1},"minecraft:crafted":{"minecraft:oak_planks":24,"minecraft:crafting_table":1,"minecraft:wooden_pickaxe":1,"minecraft:furnace":1,"minecraft:stone_axe":2,"minecraft:oak_boat":1,"minecraft:stick":4,"minecraft:stone_pickaxe":1,"minecraft:torch":12},"minecraft:custom":{"enigmaticlegacy:play_time_with_seven_curses":0,"lootr:looted_stat":1,"minecraft:mob_kills":21,"enigmaticlegacy:play_time_without_seven_curses":48569,"minecraft:interact_with_crafting_table":6,"minecraft:damage_dealt_resisted":79,"minecraft:leave_game":4,"minecraft:time_since_death":3867,"minecraft:time_since_rest":3898,"minecraft:waystone_activated":1,"minecraft:sprint_one_cm":82483,"minecraft:damage_taken":3395,"minecraft:walk_one_cm":111919,"minecraft:drop":5,"minecraft:damage_dealt":4175,"minecraft:swim_one_cm":19962,"minecraft:fly_one_cm":210754,"minecraft:crouch_one_cm":1656,"minecraft:play_time":49265,"minecraft:deaths":11,"minecraft:sneak_time":1087,"minecraft:walk_under_water_one_cm":11536,"minecraft:boat_one_cm":352,"minecraft:jump":789,"minecraft:walk_on_water_one_cm":2572,"minecraft:total_world_time":49265,"minecraft:fall_one_cm":26109},"minecraft:used":{"minecraft:stone_pickaxe":34,"minecraft:wooden_pickaxe":3,"minecraft:rotten_flesh":6,"minecraft:torch":15,"minecraft:dirt":8,"minecraft:crafting_table":4,"bakery:strawberry":6,"delightful:mini_melon":3,"waystones:waystone":1,"minecraft:apple":2,"minecraft:stone_axe":127,"minecraft:oak_boat":1,"delightful:acorn":5},"minecraft:picked_up":{"born_in_chaos_v1:corpse_maggot":2,"minecraft:crafting_table":4,"minecraft:leather":1,"bakery:strawberry_seeds":1,"minecraft:oak_log":54,"minecraft:dirt":10,"minecraft:apple":2,"delightful:mini_melon":3,"minecraft:wheat_seeds":1,"delightful:acorn":5,"minecraft:beef":7,"bakery:strawberry":6,"minecraft:stick":19,"minecraft:torch":5,"minecraft:arrow":1,"minecraft:rotten_flesh":8,"waystones:waystone":1,"autumnity:maple_sapling":3,"minecraft:oak_sapling":29,"minecraft:coal":8,"minecraft:cobblestone":27}},"DataVersion":3120}