{"stats":{"minecraft:dropped":{"iceandfire:raw_silver":2,"minecraft:moss_block":2,"minecraft:wheat_seeds":1,"minecraft:dark_oak_sapling":3,"minecraft:cobblestone":1,"minecraft:glow_berries":5,"minecraft:jungle_planks":5,"minecraft:stick":3,"minecraft:diorite":4,"minecraft:dark_oak_fence":1,"minecraft:melon_slice":6,"minecraft:flowering_azalea":4,"minecraft:stone_axe":2,"minecraft:pitcher_plant":1,"minecraft:cobbled_deepslate":1,"minecraft:rotten_flesh":10,"graveyard:dark_iron_ingot":2,"minecraft:warped_planks":4,"minecraft:deepslate_bricks":2,"minecraft:deepslate_tiles":4,"graveyard:spruce_coffin":1,"minecraft:iron_chestplate":1,"minecraft:leather_leggings":1,"minecraft:wooden_pickaxe":3,"minecraft:cracked_deepslate_bricks":1},"minecraft:killed_by":{"minecraft:husk":2,"minecraft:zombie":1,"creeperoverhaul:jungle_creeper":1,"iceandfire:ghost":2},"minecraft:custom":{"lootr:looted_stat":3,"minecraft:mob_kills":51,"minecraft:interact_with_crafting_table":18,"minecraft:leave_game":2,"minecraft:time_since_death":623,"minecraft:climb_one_cm":9796,"minecraft:sprint_one_cm":253705,"minecraft:walk_one_cm":236618,"minecraft:drop":45,"minecraft:play_time":113807,"minecraft:deaths":6,"minecraft:sneak_time":7734,"minecraft:walk_under_water_one_cm":14582,"minecraft:boat_one_cm":67172,"minecraft:interact_with_lectern":1,"minecraft:jump":2268,"minecraft:walk_on_water_one_cm":22128,"minecraft:total_world_time":113807,"minecraft:interact_with_furnace":22,"minecraft:time_since_rest":742,"minecraft:damage_taken":3647,"minecraft:trigger_trapped_chest":5,"minecraft:damage_dealt":12648,"minecraft:swim_one_cm":38019,"minecraft:fly_one_cm":345764,"minecraft:open_chest":2,"minecraft:crouch_one_cm":17411,"minecraft:fall_one_cm":60573},"minecraft:used":{"minecraft:moss_block":1,"minecraft:cracked_deepslate_bricks":2,"minecraft:torch":15,"minecraft:dirt":2,"minecraft:spruce_fence":1,"minecraft:milk_bucket":1,"minecraft:lava_bucket":3,"minecraft:iron_axe":98,"minecraft:furnace":2,"minecraft:cobbled_deepslate":65,"minecraft:water_bucket":30,"simplyswords:diamond_katana":93,"minecraft:stone_pickaxe":135,"minecraft:blackstone":1,"minecraft:ender_pearl":2,"minecraft:wooden_pickaxe":8,"minecraft:deepslate_bricks":3,"minecraft:jungle_boat":1,"minecraft:glow_berries":15,"minecraft:crafting_table":8,"minecraft:diamond_pickaxe":471,"minecraft:melon_slice":127,"minecraft:iron_pickaxe":252,"minecraft:gravel":1,"minecraft:stone_axe":90,"minecraft:cobblestone":101,"minecraft:bucket":34},"minecraft:mined":{"minecraft:deepslate_tiles":2,"iceandfire:silver_ore":4,"minecraft:deepslate_diamond_ore":29,"minecraft:cave_vines_plant":27,"minecraft:dark_oak_fence":1,"minecraft:spruce_fence":1,"minecraft:grass_block":3,"graveyard:tg_deepslate":2,"minecraft:jungle_log":4,"iceandfire:deepslate_silver_ore":1,"minecraft:deepslate_bricks":4,"minecraft:moss_block":4,"minecraft:spawner":1,"minecraft:furnace":2,"minecraft:iron_ore":38,"minecraft:cobbled_deepslate":6,"graveyard:leaning_wither_skeleton":1,"minecraft:vine":1,"minecraft:cave_vines":53,"minecraft:deepslate_iron_ore":23,"minecraft:stone":139,"minecraft:acacia_leaves":6,"minecraft:basalt":1,"minecraft:crafting_table":7,"minecraft:torch":8,"minecraft:melon":36,"minecraft:cobblestone":2,"minecraft:tall_grass":2,"minecraft:deepslate_coal_ore":8,"minecraft:deepslate_gold_ore":9,"minecraft:cracked_deepslate_bricks":2,"minecraft:diorite":6,"minecraft:wall_torch":4,"minecraft:jungle_wood":2,"minecraft:warped_planks":2,"minecraft:pitcher_plant":1,"minecraft:grass":8,"minecraft:coal_ore":77,"minecraft:gravel":1,"minecraft:dirt":2,"minecraft:cobweb":2,"minecraft:deepslate":66,"minecraft:fern":7},"minecraft:killed":{"graveyard:corrupted_vindicator":10,"minecraft:vindicator":1,"graveyard:wraith":10,"minecraft:skeleton":3,"graveyard:acolyte":5,"minecraft:drowned":6,"minecraft:husk":1,"minecraft:zombie":2,"iceandfire:ghost":4,"graveyard:corrupted_pillager":7,"minecraft:cow":2},"minecraft:crafted":{"minecraft:furnace":1,"minecraft:diamond_helmet":1,"minecraft:diamond_leggings":1,"minecraft:iron_axe":1,"minecraft:stone_pickaxe":1,"minecraft:diamond_boots":1,"iceandfire:silver_ingot":3,"minecraft:crafting_table":2,"minecraft:jungle_boat":1,"minecraft:wooden_pickaxe":1,"minecraft:bucket":1,"minecraft:stone_axe":1,"minecraft:air":0,"minecraft:jungle_planks":24,"minecraft:iron_chestplate":1,"minecraft:diamond_pickaxe":1,"minecraft:stick":16,"minecraft:iron_ingot":18,"minecraft:iron_pickaxe":1,"minecraft:torch":4,"minecraft:diamond_chestplate":1},"minecraft:broken":{"minecraft:stone_pickaxe":1,"minecraft:iron_pickaxe":1},"minecraft:picked_up":{"minecraft:crafting_table":8,"graveyard:dark_iron_ingot":2,"minecraft:wooden_pickaxe":4,"minecraft:blackstone":1,"graveyard:corruption":20,"minecraft:deepslate_tiles":4,"minecraft:cobbled_deepslate":66,"minecraft:melon_slice":160,"minecraft:furnace":2,"minecraft:dark_oak_sapling":3,"minecraft:stick":2,"minecraft:raw_iron":77,"minecraft:torch":21,"minecraft:spruce_fence":1,"minecraft:diorite":5,"minecraft:warped_planks":4,"minecraft:rotten_flesh":3,"minecraft:deepslate_bricks":5,"minecraft:cracked_deepslate_bricks":3,"minecraft:glow_berries":33,"minecraft:cobblestone":226,"minecraft:jungle_log":4,"minecraft:jungle_wood":2,"graveyard:spruce_coffin":1,"minecraft:dirt":2,"minecraft:bone":6,"minecraft:wheat_seeds":1,"minecraft:raw_gold":9,"minecraft:stone_pickaxe":2,"minecraft:moss_block":3,"minecraft:flowering_azalea":4,"minecraft:pitcher_plant":1,"graveyard:bone_dagger":1,"minecraft:lava_bucket":1,"minecraft:gravel":1,"minecraft:jungle_planks":57,"minecraft:diamond":29,"minecraft:stone_axe":3,"minecraft:emerald":1,"minecraft:dark_oak_fence":1,"minecraft:coal":119,"iceandfire:raw_silver":8}},"DataVersion":3465}