{"stats":{"minecraft:killed":{"rottencreatures:undead_miner":1,"born_in_chaos_v1:diamond_termite":2,"born_in_chaos_v1:swarmer":1,"minecraft:spider":2,"iter_rpg:spiderling":1,"minecraft:creeper":1,"naturalist:coral_snake":1,"minecraft:skeleton":2,"minecraft:pillager":2,"minecraft:zombie":6,"born_in_chaos_v1:corpse_fly":6,"minecraft:cow":4},"minecraft:mined":{"create:zinc_ore":12,"minecraft:large_amethyst_bud":1,"minecraft:deepslate_diamond_ore":2,"minecraft:kelp_plant":1,"galosphere:deepslate_silver_ore":4,"upgrade_aquatic:tall_beachgrass":1,"born_in_chaos_v1:infected_diamond_ore":2,"minecraft:crafting_table":7,"minecraft:torch":6,"minecraft:grass_block":3,"iter_rpg:ametrine_ore":1,"galosphere:silver_ore":5,"minecraft:cobblestone":1,"minecraft:lapis_ore":3,"minecraft:wall_torch":4,"minecraft:amethyst_block":18,"minecraft:furnace":5,"iter_rpg:void_quartz":2,"minecraft:iron_ore":9,"minecraft:andesite":2,"treechop:chopped_log":12,"minecraft:grass":3,"minecraft:oak_log":5,"minecraft:coal_ore":29,"bakery:strawberry_taiga":2,"minecraft:deepslate_iron_ore":13,"delightful:mini_melon":2,"minecraft:small_amethyst_bud":1,"minecraft:dirt":7,"upgrade_aquatic:beachgrass":4,"minecraft:smooth_basalt":1,"minecraft:stone":49,"minecraft:oak_leaves":4,"minecraft:deepslate":37},"minecraft:broken":{"minecraft:chainmail_leggings":1,"minecraft:stone_axe":1},"minecraft:killed_by":{"minecraft:vindicator":1,"minecraft:player":1,"minecraft:skeleton":2,"minecraft:creeper":2,"minecraft:zombie":1,"minecraft:pillager":2,"born_in_chaos_v1:scarlet_persecutor":1,"quark:forgotten":1,"born_in_chaos_v1:corpse_fly":2,"alexsmobs:cachalot_whale":1},"minecraft:dropped":{"minecraft:wheat_seeds":1,"minecraft:rotten_flesh":3,"autumnity:maple_sapling":3,"minecraft:dirt":2,"bakery:strawberry_seeds":1,"minecraft:torch":127,"minecraft:andesite":2,"born_in_chaos_v1:corpse_maggot":3,"minecraft:oak_sapling":29,"minecraft:stone_pickaxe":1,"minecraft:wooden_pickaxe":1,"minecraft:smooth_basalt":1},"minecraft:crafted":{"minecraft:cooked_beef":2,"minecraft:oak_planks":24,"minecraft:crafting_table":1,"minecraft:wooden_pickaxe":1,"minecraft:furnace":1,"minecraft:stone_axe":2,"minecraft:air":0,"minecraft:oak_boat":1,"minecraft:polished_deepslate":20,"minecraft:stick":4,"minecraft:iron_ingot":11,"minecraft:iron_pickaxe":1,"minecraft:stone_pickaxe":1,"minecraft:torch":12},"minecraft:custom":{"enigmaticlegacy:play_time_with_seven_curses":0,"minecraft:interact_with_furnace":18,"lootr:looted_stat":1,"minecraft:mob_kills":30,"enigmaticlegacy:play_time_without_seven_curses":74611,"minecraft:interact_with_crafting_table":13,"minecraft:damage_dealt_resisted":79,"minecraft:leave_game":5,"minecraft:time_since_death":22,"minecraft:time_since_rest":57,"minecraft:waystone_activated":1,"minecraft:sprint_one_cm":134013,"minecraft:damage_taken":5829,"minecraft:walk_one_cm":198979,"minecraft:drop":15,"minecraft:damage_dealt":5467,"minecraft:swim_one_cm":19962,"minecraft:player_kills":1,"minecraft:fly_one_cm":283772,"minecraft:crouch_one_cm":10652,"minecraft:play_time":75580,"minecraft:deaths":17,"minecraft:sneak_time":4483,"minecraft:walk_under_water_one_cm":11967,"minecraft:boat_one_cm":352,"minecraft:jump":1204,"minecraft:walk_on_water_one_cm":6629,"minecraft:total_world_time":75580,"minecraft:fall_one_cm":40512},"minecraft:used":{"minecraft:stone_pickaxe":45,"minecraft:wooden_pickaxe":3,"minecraft:rotten_flesh":6,"minecraft:torch":79,"minecraft:dirt":8,"minecraft:crafting_table":7,"bakery:strawberry":6,"delightful:mini_melon":3,"waystones:waystone":1,"minecraft:apple":2,"minecraft:iron_pickaxe":159,"minecraft:stone_axe":152,"minecraft:cobblestone":22,"minecraft:furnace":5,"minecraft:oak_boat":1,"minecraft:cooked_beef":7,"delightful:acorn":5},"minecraft:picked_up":{"born_in_chaos_v1:corpse_maggot":3,"born_in_chaos_v1:diamond_termite_shard":1,"minecraft:crafting_table":7,"minecraft:cooked_beef":4,"minecraft:andesite":2,"minecraft:leather":1,"bakery:strawberry_seeds":1,"create:raw_zinc":12,"minecraft:oak_log":54,"minecraft:amethyst_block":18,"minecraft:lapis_lazuli":18,"minecraft:dirt":10,"minecraft:bone":2,"minecraft:apple":2,"minecraft:cobbled_deepslate":34,"delightful:mini_melon":3,"minecraft:wheat_seeds":1,"iter_rpg:ametrine_shard":2,"minecraft:raw_gold":5,"delightful:acorn":5,"minecraft:iron_ingot":1,"minecraft:beef":16,"galosphere:raw_silver":9,"minecraft:melon_slice":1,"minecraft:raw_iron":21,"minecraft:furnace":5,"bakery:strawberry":6,"minecraft:stick":19,"minecraft:smooth_basalt":2,"minecraft:torch":266,"iter_rpg:voidquartz_shard":11,"minecraft:arrow":1,"minecraft:rotten_flesh":10,"minecraft:diamond":3,"minecraft:chainmail_leggings":1,"waystones:waystone":1,"autumnity:maple_sapling":3,"minecraft:oak_sapling":29,"minecraft:coal":48,"minecraft:cobblestone":49}},"DataVersion":3120}