{"stats":{"minecraft:killed":{"rottencreatures:undead_miner":1,"born_in_chaos_v1:swarmer":1,"minecraft:spider":1,"minecraft:creeper":1,"naturalist:coral_snake":1,"minecraft:skeleton":2,"minecraft:pillager":2,"minecraft:zombie":5,"born_in_chaos_v1:corpse_fly":5,"minecraft:cow":4},"minecraft:mined":{"create:zinc_ore":12,"minecraft:kelp_plant":1,"upgrade_aquatic:tall_beachgrass":1,"minecraft:crafting_table":5,"minecraft:torch":3,"minecraft:grass_block":3,"iter_rpg:ametrine_ore":1,"galosphere:silver_ore":1,"minecraft:cobblestone":1,"minecraft:lapis_ore":3,"minecraft:wall_torch":4,"minecraft:furnace":4,"minecraft:iron_ore":9,"minecraft:andesite":2,"treechop:chopped_log":12,"minecraft:grass":3,"minecraft:oak_log":5,"minecraft:coal_ore":27,"bakery:strawberry_taiga":2,"delightful:mini_melon":2,"minecraft:dirt":7,"upgrade_aquatic:beachgrass":4,"minecraft:stone":49,"minecraft:oak_leaves":4},"minecraft:broken":{"minecraft:stone_axe":1},"minecraft:killed_by":{"minecraft:vindicator":1,"minecraft:skeleton":1,"minecraft:creeper":2,"minecraft:pillager":2,"born_in_chaos_v1:scarlet_persecutor":1,"born_in_chaos_v1:corpse_fly":2,"alexsmobs:cachalot_whale":1},"minecraft:dropped":{"minecraft:wheat_seeds":1,"minecraft:rotten_flesh":2,"autumnity:maple_sapling":3,"minecraft:dirt":2,"bakery:strawberry_seeds":1,"minecraft:torch":127,"minecraft:andesite":2,"born_in_chaos_v1:corpse_maggot":2,"minecraft:oak_sapling":4,"minecraft:wooden_pickaxe":1},"minecraft:crafted":{"minecraft:cooked_beef":2,"minecraft:oak_planks":24,"minecraft:crafting_table":1,"minecraft:wooden_pickaxe":1,"minecraft:furnace":1,"minecraft:stone_axe":2,"minecraft:air":0,"minecraft:oak_boat":1,"minecraft:stick":4,"minecraft:iron_ingot":4,"minecraft:iron_pickaxe":1,"minecraft:stone_pickaxe":1,"minecraft:torch":12},"minecraft:custom":{"enigmaticlegacy:play_time_with_seven_curses":0,"minecraft:interact_with_furnace":13,"lootr:looted_stat":1,"minecraft:mob_kills":24,"enigmaticlegacy:play_time_without_seven_curses":60569,"minecraft:interact_with_crafting_table":7,"minecraft:damage_dealt_resisted":79,"minecraft:leave_game":4,"minecraft:time_since_death":15867,"minecraft:time_since_rest":15898,"minecraft:waystone_activated":1,"minecraft:sprint_one_cm":100309,"minecraft:damage_taken":4135,"minecraft:walk_one_cm":160965,"minecraft:drop":10,"minecraft:damage_dealt":4661,"minecraft:swim_one_cm":19962,"minecraft:player_kills":1,"minecraft:fly_one_cm":229857,"minecraft:crouch_one_cm":5424,"minecraft:play_time":61265,"minecraft:deaths":11,"minecraft:sneak_time":2868,"minecraft:walk_under_water_one_cm":11650,"minecraft:boat_one_cm":352,"minecraft:jump":932,"minecraft:walk_on_water_one_cm":4549,"minecraft:total_world_time":61265,"minecraft:fall_one_cm":29184},"minecraft:used":{"minecraft:stone_pickaxe":45,"minecraft:wooden_pickaxe":3,"minecraft:rotten_flesh":6,"minecraft:torch":40,"minecraft:dirt":8,"minecraft:crafting_table":5,"bakery:strawberry":6,"delightful:mini_melon":3,"waystones:waystone":1,"minecraft:apple":2,"minecraft:iron_pickaxe":68,"minecraft:stone_axe":137,"minecraft:cobblestone":10,"minecraft:furnace":4,"minecraft:oak_boat":1,"minecraft:cooked_beef":7,"delightful:acorn":5},"minecraft:picked_up":{"born_in_chaos_v1:corpse_maggot":2,"minecraft:crafting_table":5,"minecraft:cooked_beef":4,"minecraft:andesite":2,"minecraft:leather":1,"bakery:strawberry_seeds":1,"create:raw_zinc":12,"minecraft:oak_log":54,"minecraft:lapis_lazuli":18,"minecraft:dirt":10,"minecraft:bone":2,"minecraft:apple":2,"delightful:mini_melon":3,"minecraft:wheat_seeds":1,"iter_rpg:ametrine_shard":2,"minecraft:raw_gold":5,"delightful:acorn":5,"minecraft:iron_ingot":1,"minecraft:beef":16,"galosphere:raw_silver":1,"minecraft:raw_iron":10,"minecraft:furnace":4,"bakery:strawberry":6,"minecraft:stick":19,"minecraft:torch":263,"minecraft:arrow":1,"minecraft:rotten_flesh":8,"minecraft:diamond":1,"minecraft:chainmail_leggings":1,"waystones:waystone":1,"autumnity:maple_sapling":3,"minecraft:oak_sapling":29,"minecraft:coal":46,"minecraft:cobblestone":49}},"DataVersion":3120}