{"stats":{"minecraft:mined":{"treechop:chopped_log":1},"minecraft:crafted":{"minecraft:crafting_table":1,"minecraft:spruce_planks":16,"minecraft:stick":8},"minecraft:custom":{"minecraft:jump":25,"minecraft:time_since_rest":5658,"enigmaticlegacy:play_time_with_seven_curses":0,"minecraft:damage_dealt":10,"minecraft:crouch_one_cm":102,"minecraft:sprint_one_cm":1880,"minecraft:play_time":5658,"minecraft:time_since_death":5658,"minecraft:walk_one_cm":8422,"minecraft:sneak_time":46,"enigmaticlegacy:play_time_without_seven_curses":5658,"minecraft:total_world_time":5658,"minecraft:fall_one_cm":209,"minecraft:fly_one_cm":2486},"minecraft:picked_up":{"minecraft:stick":2,"minecraft:spruce_sapling":1,"minecraft:spruce_log":4}},"DataVersion":3120}