{"stats":{"minecraft:dropped":{"minecraft:iron_ingot":8,"iceandfire:raw_silver":2,"minecraft:moss_block":2,"minecraft:wheat_seeds":1,"minecraft:dark_oak_sapling":3,"minecraft:cobblestone":1,"minecraft:glow_berries":5,"minecraft:jungle_planks":5,"minecraft:stick":3,"minecraft:diorite":4,"minecraft:dark_oak_fence":1,"minecraft:melon_slice":6,"minecraft:flowering_azalea":4,"minecraft:stone_axe":2,"minecraft:blackstone":1,"minecraft:pitcher_plant":1,"minecraft:cobbled_deepslate":1,"graveyard:dark_iron_ingot":2,"minecraft:rotten_flesh":12,"minecraft:warped_planks":4,"minecraft:deepslate_bricks":2,"minecraft:deepslate_tiles":4,"graveyard:spruce_coffin":1,"minecraft:iron_chestplate":1,"minecraft:leather_leggings":1,"minecraft:wooden_pickaxe":3,"minecraft:cracked_deepslate_bricks":1},"minecraft:killed_by":{"minecraft:husk":2,"minecraft:zombie":1,"creeperoverhaul:jungle_creeper":1,"iceandfire:ghost":2},"minecraft:custom":{"lootr:looted_stat":3,"minecraft:mob_kills":61,"minecraft:interact_with_crafting_table":28,"minecraft:leave_game":3,"minecraft:time_since_death":38621,"minecraft:climb_one_cm":9796,"minecraft:sprint_one_cm":352452,"minecraft:walk_one_cm":311606,"minecraft:drop":48,"minecraft:play_time":151805,"minecraft:deaths":6,"minecraft:sneak_time":10614,"minecraft:walk_under_water_one_cm":34932,"minecraft:boat_one_cm":67172,"minecraft:interact_with_lectern":1,"minecraft:jump":3141,"minecraft:walk_on_water_one_cm":27347,"minecraft:total_world_time":151805,"minecraft:interact_with_furnace":22,"minecraft:sleep_in_bed":1,"minecraft:time_since_rest":36067,"minecraft:damage_taken":4059,"minecraft:trigger_trapped_chest":5,"minecraft:damage_dealt":14509,"minecraft:swim_one_cm":38019,"minecraft:fly_one_cm":510353,"minecraft:open_chest":8,"minecraft:crouch_one_cm":24246,"minecraft:fall_one_cm":81721},"minecraft:used":{"minecraft:moss_block":1,"minecraft:cracked_deepslate_bricks":2,"minecraft:torch":24,"minecraft:dirt":6,"minecraft:spruce_fence":1,"minecraft:milk_bucket":1,"minecraft:iron_hoe":104,"minecraft:lava_bucket":3,"minecraft:iron_axe":130,"minecraft:smooth_basalt":6,"minecraft:furnace":2,"minecraft:cobbled_deepslate":79,"minecraft:water_bucket":118,"simplyswords:diamond_katana":93,"minecraft:stone_pickaxe":135,"minecraft:blackstone":1,"minecraft:ender_pearl":2,"minecraft:wooden_pickaxe":8,"minecraft:deepslate_bricks":3,"minecraft:jungle_boat":1,"minecraft:glow_berries":15,"minecraft:crafting_table":13,"minecraft:diamond_pickaxe":471,"minecraft:bread":7,"minecraft:melon_slice":154,"minecraft:iron_pickaxe":852,"minecraft:gravel":1,"minecraft:stone_axe":90,"minecraft:cobblestone":101,"minecraft:andesite":39,"minecraft:bucket":123},"minecraft:mined":{"minecraft:deepslate_tiles":2,"iceandfire:silver_ore":4,"minecraft:deepslate_diamond_ore":40,"minecraft:cave_vines_plant":27,"minecraft:dark_oak_fence":1,"minecraft:acacia_log":9,"minecraft:spruce_fence":1,"minecraft:grass_block":4,"graveyard:tg_deepslate":2,"minecraft:jungle_log":4,"iceandfire:deepslate_silver_ore":1,"minecraft:deepslate_bricks":4,"minecraft:moss_block":4,"minecraft:spawner":1,"minecraft:hay_block":104,"minecraft:magma_block":2,"minecraft:furnace":2,"minecraft:fire":10,"minecraft:iron_ore":63,"minecraft:cobbled_deepslate":6,"graveyard:leaning_wither_skeleton":1,"minecraft:andesite":39,"minecraft:vine":1,"minecraft:cave_vines":53,"minecraft:deepslate_iron_ore":64,"minecraft:stone":160,"minecraft:acacia_leaves":7,"minecraft:blackstone":90,"minecraft:basalt":1,"minecraft:crafting_table":12,"minecraft:torch":10,"minecraft:melon":36,"minecraft:cobblestone":2,"minecraft:tall_grass":3,"minecraft:deepslate_coal_ore":8,"minecraft:deepslate_gold_ore":38,"minecraft:lapis_ore":6,"minecraft:cracked_deepslate_bricks":2,"minecraft:diorite":6,"minecraft:wall_torch":10,"minecraft:jungle_wood":2,"minecraft:warped_planks":2,"minecraft:pitcher_plant":1,"minecraft:grass":18,"minecraft:coal_ore":81,"minecraft:gravel":1,"minecraft:dirt":5,"minecraft:cobweb":2,"minecraft:smooth_basalt":7,"minecraft:gold_ore":1,"minecraft:deepslate":88,"minecraft:fern":7},"minecraft:killed":{"graveyard:corrupted_vindicator":10,"minecraft:vindicator":1,"graveyard:wraith":10,"minecraft:skeleton":6,"graveyard:acolyte":5,"minecraft:drowned":6,"minecraft:husk":1,"minecraft:creeper":4,"minecraft:zombie":5,"iceandfire:ghost":4,"graveyard:corrupted_pillager":7,"minecraft:cow":2},"minecraft:crafted":{"minecraft:furnace":1,"minecraft:diamond_helmet":1,"minecraft:diamond_leggings":1,"minecraft:iron_axe":2,"minecraft:iron_hoe":1,"minecraft:stone_pickaxe":1,"minecraft:diamond_boots":1,"minecraft:wheat":918,"iceandfire:silver_ingot":3,"minecraft:crafting_table":3,"minecraft:jungle_boat":1,"minecraft:wooden_pickaxe":1,"minecraft:bucket":2,"minecraft:stone_axe":1,"minecraft:bread":306,"minecraft:air":0,"minecraft:jungle_planks":24,"minecraft:iron_chestplate":1,"minecraft:diamond_pickaxe":1,"minecraft:stick":32,"minecraft:iron_ingot":18,"minecraft:iron_pickaxe":4,"minecraft:iron_shovel":1,"minecraft:acacia_planks":36,"minecraft:torch":8,"minecraft:diamond_chestplate":1},"minecraft:broken":{"minecraft:stone_pickaxe":1,"minecraft:iron_pickaxe":3},"minecraft:picked_up":{"minecraft:crafting_table":13,"minecraft:iron_chestplate":2,"graveyard:dark_iron_ingot":2,"minecraft:wooden_pickaxe":4,"minecraft:iron_leggings":3,"minecraft:blackstone":90,"graveyard:corruption":20,"minecraft:deepslate_tiles":4,"minecraft:cobbled_deepslate":88,"minecraft:melon_slice":160,"minecraft:furnace":2,"minecraft:dark_oak_sapling":3,"minecraft:stick":2,"minecraft:raw_iron":147,"minecraft:torch":30,"minecraft:acacia_log":9,"minecraft:spruce_fence":1,"minecraft:diorite":5,"minecraft:warped_planks":4,"minecraft:arrow":2,"minecraft:rotten_flesh":9,"minecraft:deepslate_bricks":5,"minecraft:hay_block":102,"minecraft:cracked_deepslate_bricks":3,"minecraft:glow_berries":33,"minecraft:cobblestone":247,"minecraft:magma_block":2,"minecraft:andesite":39,"minecraft:jungle_log":4,"minecraft:jungle_wood":2,"graveyard:spruce_coffin":1,"minecraft:gunpowder":4,"minecraft:lapis_lazuli":39,"minecraft:dirt":6,"minecraft:bone":9,"minecraft:wheat_seeds":2,"minecraft:raw_gold":45,"minecraft:iron_ingot":31,"minecraft:stone_pickaxe":2,"minecraft:moss_block":3,"minecraft:flowering_azalea":4,"minecraft:smooth_basalt":7,"minecraft:pitcher_plant":1,"graveyard:bone_dagger":1,"minecraft:lava_bucket":1,"minecraft:gravel":1,"minecraft:jungle_planks":57,"minecraft:diamond":46,"minecraft:stone_axe":3,"minecraft:emerald":1,"minecraft:dark_oak_fence":1,"minecraft:coal":123,"iceandfire:raw_silver":8}},"DataVersion":3465}