{"stats":{"minecraft:killed_by":{"minecraft:husk":2,"minecraft:zombie":1,"creeperoverhaul:jungle_creeper":1,"iceandfire:ghost":2},"minecraft:picked_up":{"iceandfire:dragon_skull_lightning":2,"minecraft:crafting_table":16,"minecraft:iron_chestplate":3,"graveyard:acacia_coffin":1,"minecraft:chainmail_boots":1,"minecraft:turtle_helmet":2,"minecraft:leather_leggings":1,"graveyard:dark_iron_ingot":2,"minecraft:diamond_sword":1,"minecraft:wooden_pickaxe":4,"minecraft:potion":4,"minecraft:armor_stand":2,"minecraft:item_frame":4,"minecraft:iron_leggings":4,"minecraft:iron_shovel":1,"minecraft:blackstone":143,"graveyard:corruption":20,"minecraft:diamond_leggings":1,"minecraft:deepslate_tiles":4,"minecraft:cobbled_deepslate":94,"iceandfire:myrmex_desert_resin":10,"minecraft:melon_slice":180,"minecraft:furnace":2,"iceandfire:pixie_dust":2,"minecraft:dark_oak_sapling":3,"minecraft:stick":3,"minecraft:raw_iron":175,"iceandfire:dragonbone":62,"minecraft:torch":47,"minecraft:acacia_log":9,"minecraft:spruce_fence":1,"minecraft:cake":2,"minecraft:cookie":1,"minecraft:diorite":5,"minecraft:warped_planks":4,"minecraft:diamond_chestplate":1,"minecraft:waxed_cut_copper_stairs":5,"minecraft:arrow":6,"minecraft:rotten_flesh":20,"minecraft:pumpkin_pie":1,"minecraft:diamond_boots":1,"minecraft:deepslate_bricks":5,"minecraft:hay_block":109,"minecraft:cracked_deepslate_bricks":3,"iceandfire:myrmex_desert_chitin":16,"minecraft:glistering_melon_slice":31,"minecraft:glow_berries":33,"minecraft:bone_block":2,"minecraft:cobblestone":283,"minecraft:heartbreak_pottery_sherd":1,"minecraft:magma_block":2,"minecraft:leather_chestplate":2,"minecraft:water_bucket":1,"minecraft:tripwire_hook":2,"minecraft:andesite":39,"minecraft:jungle_log":4,"minecraft:jungle_wood":2,"minecraft:flint":1,"graveyard:spruce_coffin":1,"minecraft:gunpowder":4,"minecraft:lapis_lazuli":39,"minecraft:dirt":6,"minecraft:white_banner":2,"minecraft:bone":16,"minecraft:acacia_planks":18,"minecraft:dark_oak_sign":1,"minecraft:wheat_seeds":6,"minecraft:deepslate_brick_slab":1,"minecraft:cooked_chicken":2,"minecraft:raw_gold":107,"minecraft:cobbled_deepslate_slab":1,"minecraft:iron_ingot":41,"minecraft:stone_pickaxe":2,"minecraft:cobweb":6,"minecraft:blade_pottery_sherd":1,"minecraft:diamond_helmet":3,"minecraft:moss_block":3,"minecraft:flowering_azalea":4,"minecraft:book":127,"minecraft:smooth_basalt":7,"minecraft:pitcher_plant":1,"iceandfire:dragon_skull_fire":1,"graveyard:bone_dagger":1,"minecraft:gravel":10,"minecraft:lava_bucket":1,"minecraft:jungle_planks":57,"minecraft:spruce_sapling":4,"minecraft:blast_furnace":1,"minecraft:spruce_log":23,"minecraft:cyan_bed":3,"minecraft:diamond":69,"minecraft:stone_axe":3,"minecraft:miner_pottery_sherd":1,"minecraft:diamond_axe":1,"minecraft:bone_meal":12,"minecraft:golden_apple":2,"minecraft:emerald":1,"simplyswords:iron_chakram":1,"minecraft:plenty_pottery_sherd":1,"minecraft:melon_seeds":3,"minecraft:dark_oak_fence":1,"minecraft:coal":263,"iceandfire:raw_silver":8,"minecraft:diamond_pickaxe":1},"minecraft:broken":{"minecraft:stone_pickaxe":1,"minecraft:iron_pickaxe":5},"minecraft:crafted":{"minecraft:furnace":1,"minecraft:diamond_helmet":2,"minecraft:diamond_leggings":2,"minecraft:iron_axe":2,"minecraft:iron_hoe":1,"minecraft:stone_pickaxe":1,"new_slab_variants:hay_block_slab":12,"minecraft:diamond_boots":2,"minecraft:wheat":927,"minecraft:diamond_sword":1,"iceandfire:silver_ingot":3,"minecraft:diamond_axe":1,"minecraft:crafting_table":4,"minecraft:jungle_boat":1,"minecraft:wooden_pickaxe":1,"minecraft:bucket":2,"minecraft:stone_axe":1,"minecraft:bread":309,"minecraft:air":0,"minecraft:jungle_planks":24,"minecraft:iron_chestplate":1,"minecraft:diamond_pickaxe":2,"minecraft:stick":36,"minecraft:iron_ingot":116,"minecraft:iron_pickaxe":4,"minecraft:iron_shovel":1,"minecraft:acacia_planks":36,"minecraft:torch":8,"minecraft:diamond_chestplate":2},"minecraft:custom":{"lootr:looted_stat":26,"minecraft:mob_kills":136,"minecraft:interact_with_crafting_table":33,"minecraft:leave_game":5,"minecraft:time_since_death":11250,"minecraft:climb_one_cm":15908,"minecraft:damage_resisted":6,"minecraft:sprint_one_cm":574471,"minecraft:walk_one_cm":578567,"minecraft:drop":92,"minecraft:play_time":251707,"minecraft:sneak_time":16087,"minecraft:deaths":7,"minecraft:walk_under_water_one_cm":41079,"minecraft:boat_one_cm":67172,"minecraft:interact_with_lectern":1,"minecraft:interact_with_brewingstand":1,"minecraft:jump":5391,"minecraft:interact_with_blast_furnace":5,"minecraft:walk_on_water_one_cm":42541,"minecraft:total_world_time":251707,"minecraft:interact_with_furnace":31,"minecraft:interact_with_cartography_table":1,"minecraft:tune_noteblock":12,"minecraft:sleep_in_bed":2,"minecraft:time_since_rest":4118,"minecraft:damage_taken":6303,"minecraft:damage_absorbed":40,"minecraft:trigger_trapped_chest":5,"minecraft:damage_dealt":34937,"minecraft:swim_one_cm":68438,"minecraft:fly_one_cm":915294,"minecraft:open_chest":20,"minecraft:crouch_one_cm":35592,"minecraft:fall_one_cm":150095},"minecraft:used":{"minecraft:moss_block":1,"minecraft:iron_shovel":20,"minecraft:cracked_deepslate_bricks":2,"minecraft:torch":44,"minecraft:dirt":6,"minecraft:spruce_fence":1,"minecraft:milk_bucket":1,"minecraft:iron_hoe":116,"minecraft:lava_bucket":3,"minecraft:iron_axe":211,"minecraft:melon_seeds":3,"minecraft:smooth_basalt":7,"minecraft:magma_block":2,"minecraft:furnace":2,"minecraft:cobbled_deepslate":93,"minecraft:water_bucket":141,"simplyswords:diamond_katana":93,"minecraft:stone_pickaxe":135,"minecraft:blackstone":111,"minecraft:ender_pearl":2,"minecraft:wooden_pickaxe":8,"minecraft:diamond_axe":111,"minecraft:deepslate_bricks":3,"minecraft:jungle_boat":1,"minecraft:glow_berries":15,"minecraft:golden_apple":1,"simplyswords:iron_chakram":3,"minecraft:crafting_table":16,"minecraft:spruce_log":3,"minecraft:cyan_bed":1,"minecraft:diamond_pickaxe":661,"minecraft:bread":47,"minecraft:melon_slice":174,"minecraft:iron_pickaxe":1084,"minecraft:gravel":1,"minecraft:stone_axe":90,"minecraft:diamond_sword":368,"minecraft:cobblestone":101,"minecraft:bucket":146,"minecraft:andesite":39},"minecraft:dropped":{"minecraft:iron_ingot":8,"iceandfire:raw_silver":2,"minecraft:wheat_seeds":5,"minecraft:moss_block":2,"minecraft:lapis_lazuli":39,"minecraft:dark_oak_sapling":3,"minecraft:plenty_pottery_sherd":1,"minecraft:cookie":1,"minecraft:cobblestone":1,"minecraft:glow_berries":5,"minecraft:jungle_planks":5,"minecraft:item_frame":4,"minecraft:stick":3,"minecraft:flint":1,"minecraft:cobweb":6,"minecraft:diorite":4,"minecraft:dark_oak_fence":1,"minecraft:melon_slice":6,"graveyard:acacia_coffin":1,"new_slab_variants:hay_block_slab":12,"minecraft:iron_leggings":1,"minecraft:bone_meal":12,"minecraft:bone_block":2,"minecraft:flowering_azalea":4,"minecraft:iron_axe":1,"minecraft:tripwire_hook":2,"minecraft:bone":10,"minecraft:armor_stand":2,"minecraft:gravel":9,"minecraft:stone_axe":2,"minecraft:waxed_cut_copper_stairs":5,"minecraft:blackstone":1,"minecraft:pitcher_plant":1,"minecraft:dark_oak_sign":1,"minecraft:cobbled_deepslate":1,"minecraft:rotten_flesh":19,"minecraft:deepslate_brick_slab":1,"graveyard:dark_iron_ingot":2,"minecraft:iron_hoe":1,"minecraft:cobbled_deepslate_slab":1,"minecraft:warped_planks":4,"minecraft:blast_furnace":1,"minecraft:deepslate_bricks":2,"minecraft:leather_chestplate":2,"minecraft:deepslate_tiles":4,"minecraft:gunpowder":4,"graveyard:spruce_coffin":1,"minecraft:iron_chestplate":2,"minecraft:blade_pottery_sherd":1,"minecraft:cake":3,"iceandfire:pixie_dust":2,"minecraft:chainmail_boots":1,"minecraft:miner_pottery_sherd":1,"minecraft:leather_leggings":2,"minecraft:wooden_pickaxe":3,"minecraft:cracked_deepslate_bricks":1,"minecraft:heartbreak_pottery_sherd":1},"minecraft:killed":{"graveyard:corrupted_vindicator":10,"minecraft:vindicator":1,"graveyard:wraith":10,"minecraft:skeleton":21,"graveyard:acolyte":5,"minecraft:drowned":6,"iceandfire:myrmex_sentinel":1,"minecraft:husk":44,"naturalist:snake":1,"minecraft:creeper":5,"iceandfire:myrmex_soldier":1,"minecraft:zombie":16,"iceandfire:ghost":4,"iceandfire:pixie":1,"graveyard:corrupted_pillager":7,"minecraft:enderman":1,"minecraft:cow":2},"minecraft:mined":{"minecraft:dark_oak_planks":1,"minecraft:deepslate_tiles":2,"minecraft:attached_melon_stem":1,"iceandfire:silver_ore":4,"minecraft:mossy_cobblestone":2,"minecraft:deepslate_diamond_ore":53,"graveyard:acacia_coffin":1,"minecraft:red_nether_bricks":4,"minecraft:cave_vines_plant":27,"minecraft:dark_oak_fence":1,"minecraft:cobbled_deepslate_slab":1,"minecraft:acacia_log":9,"minecraft:spruce_fence":1,"minecraft:grass_block":4,"minecraft:decorated_pot":1,"graveyard:tg_deepslate":2,"minecraft:jungle_log":4,"iceandfire:deepslate_silver_ore":1,"minecraft:deepslate_bricks":4,"minecraft:spruce_leaves":9,"minecraft:moss_block":4,"minecraft:spawner":7,"minecraft:hay_block":111,"minecraft:deepslate_brick_slab":1,"minecraft:magma_block":2,"minecraft:furnace":2,"minecraft:iron_ore":70,"minecraft:fire":13,"minecraft:cobbled_deepslate":6,"graveyard:leaning_wither_skeleton":1,"minecraft:andesite":39,"minecraft:stripped_dark_oak_wood":1,"minecraft:bookshelf":32,"minecraft:vine":1,"minecraft:cave_vines":53,"minecraft:deepslate_iron_ore":85,"minecraft:stripped_mangrove_wood":3,"minecraft:stone":170,"minecraft:cake":2,"minecraft:waxed_cut_copper_stairs":6,"minecraft:acacia_leaves":7,"minecraft:blackstone":118,"minecraft:basalt":2,"minecraft:crafting_table":14,"minecraft:torch":16,"minecraft:blast_furnace":1,"minecraft:calcite":5,"minecraft:melon":39,"minecraft:nether_brick_slab":1,"minecraft:cobblestone":4,"minecraft:tall_grass":6,"minecraft:deepslate_coal_ore":8,"minecraft:cyan_bed":2,"minecraft:deepslate_gold_ore":43,"minecraft:lapis_ore":6,"minecraft:cracked_deepslate_bricks":2,"minecraft:diorite":6,"minecraft:wall_torch":18,"minecraft:skeleton_skull":1,"minecraft:jungle_wood":2,"minecraft:warped_planks":2,"minecraft:spruce_log":13,"minecraft:white_wall_banner":1,"minecraft:pitcher_plant":1,"minecraft:grass":33,"minecraft:coal_ore":158,"minecraft:gravel":11,"minecraft:dirt":5,"minecraft:cobweb":4,"minecraft:smooth_basalt":7,"minecraft:gold_ore":9,"minecraft:deepslate":94,"minecraft:fern":7}},"DataVersion":3465}